,0,1
0,K-015137,200402328
1,K-005317,199502668
2,K-022116,200709638
3,K-006127,199700548
4,K-033203,201402439
5,K-030365,201208724
6,K-017217,200501556
7,K-008234,199903365
8,K-029910,201206493
9,K-042045,201705689
10,K-033989,201404016
11,K-014086,200400173
12,K-042269,201706671
13,K-028145,201100813
14,K-003259,199100461
15,K-038162,201600318
16,K-006861,199800142
17,K-003225,199100164
18,K-000954,198300132
19,K-023482,200803966
20,K-028385,201102394
21,K-031963,201309579
22,K-025175,200900671
23,K-011988,200201812
24,K-002210,198800444
25,K-022063,200709331
26,K-004667,199401173
27,K-001900,198700706
28,K-000779,198100428
29,K-002650,198900463
30,K-024309,200807685
31,K-028659,201104795
32,K-037827,201507806
33,K-006432,199701900
34,K-031745,201309057
35,K-032281,201310617
36,K-029647,201205038
37,K-007760,199900554
38,K-036278,201502784
39,K-017557,200502264
40,K-006677,199702953
41,K-004633,199400992
42,K-028468,201103424
43,K-009021,200001860
44,K-014476,200401023
45,K-029820,201206161
46,K-035369,201500728
47,K-005466,199600246
48,K-029464,201201694
49,K-021351,200706109
50,K-014078,200400151
51,K-012789,200300431
52,K-015230,200402546
53,K-001632,198600161
54,K-010426,200100540
55,K-013101,200301115
56,K-034851,201405735
57,K-004119,199300848
58,K-033960,201403980
59,K-005200,199501748
60,K-023124,200801559
61,K-046127,201901869
62,K-004574,199400670
63,K-012950,200300802
64,K-044921,201804619
65,K-014980,200402096
66,K-015395,200402879
67,K-001446,198500605
68,K-031066,201307082
69,K-002824,198901915
70,K-031198,201307567
71,K-050265,202000410
72,K-038377,201600985
73,K-004093,199300655
74,K-011570,200200478
75,K-004549,199400505
76,K-026455,200905692
77,K-020753,200703215
78,K-014413,200400892
79,K-017040,200501216
80,K-043285,201800701
81,K-022147,200709818
82,K-022612,200712325
83,K-033856,201403814
84,K-029001,201109274
85,K-028693,201105270
86,K-030599,201301616
87,K-017008,200501163
88,K-008026,199902012
89,K-010995,200102905
90,K-026249,200905270
91,K-018203,200511293
92,K-005444,199600151
93,K-020401,200701872
94,K-002209,198800437
95,K-015383,200402842
96,K-001588,198501428
97,K-011354,200109769
98,K-035541,201501215
99,K-013554,200302177
100,K-024196,200807310
101,K-016532,200500227
102,K-002651,198900464
103,K-021771,200708376
104,K-000260,197400343
105,K-020975,200704322
106,K-016841,200500835
107,K-035466,201500982
108,K-024331,200807813
109,K-024307,200807683
110,K-020090,200612612
111,K-013402,200301832
112,K-010295,200009708
113,K-000609,197900575
114,K-004522,199400362
115,K-030768,201305058
116,K-025994,200904689
117,K-043542,201801353
118,K-007347,199802670
119,K-008109,199902308
120,K-014639,200401367
121,K-016224,200410073
122,K-011250,200108739
123,K-038715,201602096
124,K-006883,199800303
125,K-033025,201401985
126,K-023580,200804798
127,K-036625,201503635
128,K-000488,197800303
129,K-024904,200810915
130,K-036265,201502770
131,K-004003,199300097
132,K-043689,201801688
133,K-036140,201502605
134,K-021985,200709011
135,K-001516,198500834
136,K-030347,201208518
137,K-036076,201502453
138,K-030617,201301656
139,K-036518,201503305
140,K-036747,201504100
141,K-032809,201401265
142,K-029325,201200216
143,K-012627,200300064
144,K-017578,200502298
145,K-028956,201109155
146,K-000034,196000011
147,K-020492,200702250
148,K-036268,201502773
149,K-010543,200100997
150,K-024806,200810473
151,K-012162,200202617
152,K-013104,200301118
153,K-014379,200400785
154,K-027961,201007339
155,K-012512,200210097
156,K-031934,201309501
157,K-026788,200907385
158,K-036982,201504877
159,K-036117,201502564
160,K-032606,201400538
161,K-015266,200402637
162,K-032496,201400293
163,K-047487,201903849
164,K-008273,199903754
165,K-025221,200900899
166,K-044496,201803499
167,K-026385,200905562
168,K-024451,200808328
169,K-010532,200100923
170,K-014640,200401369
171,K-004669,199401183
172,K-014623,200401326
173,K-012071,200202148
174,K-001743,198601210
175,K-014365,200400729
176,K-046375,201902226
177,K-034076,201404203
178,K-031300,201307888
179,K-020730,200703172
180,K-042785,201708087
181,K-030001,201206778
182,K-023807,200805842
183,K-023337,200802980
184,K-030838,201306084
185,K-032341,201310819
186,K-051540,202002995
187,K-031130,201307375
188,K-035699,201501557
189,K-012234,200202847
190,K-016796,200500695
191,K-004547,199400494
192,K-036800,201504201
193,K-008261,199903669
194,K-000913,198300002
195,K-041691,201702409
196,K-000438,197700537
197,K-024081,200806896
198,K-010270,200009333
199,K-023998,200806637
200,K-038106,201508554
201,K-004799,199402278
202,K-004336,199302799
203,K-024639,200809428
204,K-036856,201504305
205,K-012258,200202982
206,K-029383,201200854
207,K-033711,201403515
208,K-006842,199800021
209,K-029751,201205838
210,K-021931,200708839
211,K-008868,200001102
212,K-016234,200410087
213,K-020378,200701725
214,K-024021,200806736
215,K-010366,200100323
216,K-002233,198800712
217,K-021826,200708587
218,K-012767,200300401
219,K-010554,200101032
220,K-021048,200704636
221,K-015897,200404050
222,K-015591,200403270
223,K-038913,201602575
224,K-031195,201307563
225,K-010223,200009025
226,K-008658,200000224
227,K-016824,200500806
228,K-027073,201001003
229,K-012025,200201919
230,K-012474,200209850
231,K-015563,200403223
232,K-000399,197700120
233,K-029726,201205539
234,K-032482,201400277
235,K-031680,201308823
236,K-005300,199502585
237,K-003017,199000568
238,K-027061,201000991
239,K-005181,199501694
240,K-023857,200805962
241,K-023461,200803803
242,K-029066,201109733
243,K-000323,197500654
244,K-022976,200800687
245,K-019554,200607736
246,K-007637,199900176
247,K-013828,200307806
248,K-020188,200700603
249,K-037909,201507980
250,K-033877,201403836
251,K-037493,201506800
252,K-002883,198902572
253,K-037297,201506100
254,K-012774,200300412
255,K-028463,201103419
256,K-007930,199901558
257,K-036597,201503559
258,K-024182,200807253
259,K-031545,201308526
260,K-024065,200806856
261,K-032900,201401475
262,K-000166,197200092
263,K-022073,200709389
264,K-013684,200302627
265,K-019790,200608307
266,K-028096,201100572
267,K-022319,200710608
268,K-032174,201310281
269,K-042616,201707587
270,K-034567,201405121
271,K-030552,201300642
272,K-015499,200403052
273,K-013844,200307829
274,K-004315,199302515
275,K-020583,200702571
276,K-013626,200302348
277,K-006886,199800308
278,K-004711,199401409
279,K-044458,201803401
280,K-019641,200607930
281,K-025791,200904182
282,K-031800,201309130
283,K-015584,200403256
284,K-021387,200706313
285,K-004837,199403112
286,K-028960,201109160
287,K-020997,200704488
288,K-034168,201404424
289,K-011992,200201831
290,K-023319,200802864
291,K-045402,201900672
292,K-011973,200201771
293,K-035275,201500509
294,K-004026,199300208
295,K-025347,200901668
296,K-031699,201308922
297,K-025968,200904632
298,K-033805,201403697
299,K-009614,200004478
300,K-022074,200709390
301,K-018742,200600821
302,K-044660,201803907
303,K-017254,200501660
304,K-033284,201402678
305,K-041997,201705467
306,K-004265,199302027
307,K-012155,200202573
308,K-019803,200608339
309,K-000117,197000053
310,K-029341,201200380
311,K-034855,201405753
312,K-013006,200300917
313,K-008734,200000559
314,K-023957,200806454
315,K-022377,200710882
316,K-016982,200501095
317,K-030459,201210185
318,K-007120,199801495
319,K-022144,200709806
320,K-008876,200001172
321,K-016735,200500569
322,K-038695,201601896
323,K-023226,200802222
324,K-028641,201104578
325,K-030232,201207514
326,K-015750,200403634
327,K-033275,201402642
328,K-002520,198802327
329,K-023629,200805092
330,K-022470,200711458
331,K-000647,198000119
332,K-006131,199700557
333,K-003089,199001232
334,K-051115,202002246
335,K-023635,200805124
336,K-020697,200703087
337,K-016335,200410660
338,K-035802,201501708
339,K-005706,199601642
340,K-033823,201403734
341,K-030857,201306176
342,K-019862,200610661
343,K-033623,201403391
344,K-029946,201206613
345,K-029357,201200635
346,K-025194,200900767
347,K-000294,197500186
348,K-018263,200512041
349,K-028423,201102768
350,K-013959,200308625
351,K-025648,200903579
352,K-019286,200606183
353,K-001867,198700431
354,K-011648,200200772
355,K-003726,199201045
356,K-019259,200605482
357,K-034465,201404981
358,K-006808,199704519
359,K-002745,198901207
360,K-029830,201206201
361,K-010159,200008798
362,K-021555,200707222
363,K-028144,201100812
364,K-018254,200511904
365,K-030779,201305399
366,K-033880,201403839
367,K-032185,201310299
368,K-038575,201601581
369,K-002596,198900129
370,K-009496,200003409
371,K-029632,201204675
372,K-026794,200907446
373,K-014913,200401882
374,K-001366,198401289
375,K-038216,201600490
376,K-013470,200301966
377,K-011226,200108676
378,K-017021,200501190
379,K-035788,201501693
380,K-027735,201005083
381,K-015469,200403004
382,K-020558,200702521
383,K-010769,200101844
384,K-013906,200308344
385,K-025601,200903224
386,K-027440,201003213
387,K-003105,199001352
388,K-004535,199400456
389,K-044529,201803561
390,K-013474,200301983
391,K-010505,200100847
392,K-033332,201402832
393,K-028983,201109238
394,K-015504,200403060
395,K-011262,200108800
396,K-003986,199203487
397,K-007770,199900642
398,K-014853,200401743
399,K-031864,201309348
400,K-008455,199906977
401,K-033046,201402038
402,K-012687,200300200
403,K-036232,201502706
404,K-036480,201503253
405,K-030689,201302981
406,K-028683,201105143
407,K-003173,199002349
408,K-016742,200500578
409,K-013641,200302457
410,K-026636,200906484
411,K-025437,200902213
412,K-020154,200700455
413,K-031974,201309612
414,K-023248,200802337
415,K-013735,200302831
416,K-020348,200701412
417,K-000296,197500188
418,K-000608,197900574
419,K-012685,200300198
420,K-025367,200901817
421,K-003708,199200883
422,K-005068,199500901
423,K-001760,198601341
424,K-033874,201403833
425,K-008738,200000569
426,K-009461,200003112
427,K-026305,200905411
428,K-012779,200300418
429,K-002220,198800558
430,K-021405,200706400
431,K-030024,201206828
432,K-028635,201104471
433,K-013375,200301759
434,K-016427,200411067
435,K-024939,200811058
436,K-020379,200701738
437,K-002857,198902277
438,K-008996,200001772
439,K-027733,201005081
440,K-003709,199200884
441,K-039123,201603044
442,K-031663,201308718
443,K-035805,201501711
444,K-028408,201102619
445,K-036634,201503645
446,K-004168,199301198
447,K-003345,199101086
448,K-028633,201104457
449,K-027193,201001804
450,K-025979,200904655
451,K-016431,200411086
452,K-013635,200302420
453,K-059525,202101580
454,K-038929,201602615
455,K-001677,198600509
456,K-018681,200600625
457,K-018145,200511056
458,K-029218,201110516
459,K-022846,200713803
460,K-039147,201603069
461,K-018507,200600315
462,K-026427,200905653
463,K-008514,199907231
464,K-001889,198700641
465,K-030992,201306534
466,K-000465,197800132
467,K-002539,198802489
468,K-028951,201109150
469,K-007598,199900033
470,K-000271,197500015
471,K-004103,199300703
472,K-036312,201502890
473,K-015805,200403794
474,K-028994,201109259
475,K-002257,198800902
476,K-038972,201602714
477,K-008900,200001305
478,K-032941,201401570
479,K-002614,198900223
480,K-022919,200800337
481,K-016302,200410519
482,K-032657,201400757
483,K-003496,199102270
484,K-017707,200502600
485,K-006762,199703551
486,K-025200,200900833
487,K-020151,200700439
488,K-005118,199501299
489,K-032672,201400828
490,K-032616,201400606
491,K-035048,201406189
492,K-044834,201804394
493,K-018157,200511068
494,K-022977,200800688
495,K-007131,199801522
496,K-032359,201310842
497,K-032394,201310950
498,K-033682,201403468
499,K-037283,201506004
500,K-000065,196400099
501,K-035259,201500458
502,K-045862,201901425
503,K-037500,201506815
504,K-001707,198600879
505,K-012506,200209900
506,K-003544,199102825
507,K-020890,200703826
508,K-001745,198601223
509,K-033091,201402137
510,K-004580,199400704
511,K-030670,201302680
512,K-002827,198901918
513,K-020423,200701968
514,K-032904,201401484
515,K-023829,200805895
516,K-008141,199902689
517,K-008940,200001493
518,K-023287,200802656
519,K-036018,201502371
520,K-028814,201107223
521,K-016251,200410144
522,K-027143,201001637
523,K-004411,199304200
524,K-037046,201505023
525,K-018990,200603930
526,K-015754,200403646
527,K-011541,200200399
528,K-010112,200005886
529,K-000774,198100341
530,K-016068,200404677
531,K-037578,201507099
532,K-003137,199001612
533,K-029186,201110398
534,K-019861,200610660
535,K-027078,201001008
536,K-023142,200801686
537,K-038896,201602544
538,K-028971,201109226
539,K-011836,200201436
540,K-035326,201500638
541,K-026894,200908494
542,K-027070,201001000
543,K-031026,201306905
544,K-026093,200904932
545,K-029017,201109291
546,K-003705,199200870
547,K-022348,200710759
548,K-017316,200501789
549,K-017479,200502126
550,K-026813,200907783
551,K-000345,197600065
552,K-008441,199906868
553,K-006984,199800835
554,K-030891,201306340
555,K-023612,200804957
556,K-004158,199301093
557,K-014224,200400392
558,K-016712,200500541
559,K-035882,201501892
560,K-011871,200201549
561,K-013401,200301831
562,K-038243,201600574
563,K-000576,197900284
564,K-040339,201605340
565,K-027338,201002745
566,K-012249,200202893
567,K-015543,200403184
568,K-034093,201404241
569,K-034087,201404225
570,K-005589,199600864
571,K-016538,200500238
572,K-017525,200502216
573,K-019214,200605403
574,K-034142,201404364
575,K-035381,201500752
576,K-008976,200001713
577,K-030301,201208256
578,K-005090,199501072
579,K-030042,201206856
580,K-012137,200202362
581,K-033198,201402431
582,K-016230,200410082
583,K-022749,200713170
584,K-029607,201204389
585,K-037267,201505921
586,K-016930,200501012
587,K-035000,201406092
588,K-004635,199401025
589,K-022039,200709253
590,K-014383,200400790
591,K-032954,201401680
592,K-036677,201503866
593,K-004632,199400991
594,K-004913,199500043
595,K-031969,201309603
596,K-002021,198701352
597,K-050539,202001134
598,K-023467,200803811
599,K-013467,200301956
600,K-029200,201110472
601,K-037490,201506797
602,K-037910,201507981
603,K-010738,200101683
604,K-031494,201308457
605,K-028456,201103356
606,K-031223,201307607
607,K-030507,201300016
608,K-035413,201500895
609,K-019972,200611310
610,K-037095,201505123
611,K-022329,200710633
612,K-014267,200400485
613,K-025218,200900896
614,K-011609,200200642
615,K-030590,201301591
616,K-014878,200401821
617,K-035291,201500533
618,K-021904,200708762
619,K-019046,200604193
620,K-017702,200502588
621,K-017288,200501724
622,K-030310,201208419
623,K-030520,201300047
624,K-005091,199501073
625,K-024584,200809204
626,K-018148,200511059
627,K-014025,200400065
628,K-037931,201508010
629,K-009033,200001932
630,K-025238,200900997
631,K-022333,200710638
632,K-017410,200501997
633,K-020167,200700540
634,K-036637,201503658
635,K-023779,200805735
636,K-005779,199602082
637,K-010531,200100922
638,K-006618,199702527
639,K-022134,200709788
640,K-035030,201406167
641,K-003351,199101125
642,K-006349,199701525
643,K-025077,200811812
644,K-027091,201001026
645,K-020451,200702137
646,K-025659,200903672
647,K-002160,198800154
648,K-030542,201300148
649,K-036857,201504306
650,K-031977,201309618
651,K-003490,199102137
652,K-034978,201406032
653,K-017286,200501721
654,K-011695,200200939
655,K-010220,200009022
656,K-025149,200900376
657,K-004379,199303109
658,K-025103,200812030
659,K-033609,201403363
660,K-019264,200605491
661,K-027816,201005763
662,K-014261,200400477
663,K-016096,200404721
664,K-008446,199906878
665,K-022412,200711116
666,K-011569,200200475
667,K-028073,201100373
668,K-008275,199903836
669,K-014406,200400841
670,K-019709,200608166
671,K-023486,200803973
672,K-037103,201505138
673,K-006435,199701908
674,K-034327,201404706
675,K-029975,201206706
676,K-022854,200713886
677,K-017517,200502201
678,K-005588,199600863
679,K-018147,200511058
680,K-037492,201506799
681,K-029533,201202805
682,K-028602,201104066
683,K-024853,200810693
684,K-017972,200503302
685,K-010240,200009088
686,K-004490,199400202
687,K-030308,201208291
688,K-008482,199907080
689,K-024883,200810828
690,K-023351,200803184
691,K-033992,201404019
692,K-029872,201206336
693,K-029864,201206327
694,K-023557,200804633
695,K-036213,201502684
696,K-044830,201804378
697,K-049428,201907607
698,K-013266,200301507
699,K-028575,201103986
700,K-037086,201505105
701,K-003857,199201988
702,K-024854,200810700
703,K-040996,201700244
704,K-003576,199200108
705,K-038190,201600396
706,K-026117,200904990
707,K-023594,200804912
708,K-033185,201402411
709,K-031625,201308619
710,K-005002,199500435
711,K-052637,202005452
712,K-022118,200709641
713,K-023243,200802325
714,K-037941,201508035
715,K-027574,201004044
716,K-022706,200712982
717,K-002942,199000361
718,K-014949,200402018
719,K-019973,200611316
720,K-022815,200713637
721,K-014487,200401043
722,K-000135,197100015
723,K-027157,201001682
724,K-031211,201307580
725,K-031326,201307927
726,K-030741,201304804
727,K-014684,200401452
728,K-038132,201600210
729,K-037747,201507585
730,K-015988,200404201
731,K-022796,200713519
732,K-050103,202000107
733,K-044761,201804237
734,K-013937,200308577
735,K-016656,200500438
736,K-003499,199102275
737,K-028684,201105144
738,K-002513,198801976
739,K-016731,200500565
740,K-033876,201403835
741,K-016805,200500717
742,K-021213,200705402
743,K-017312,200501778
744,K-028441,201103179
745,K-035918,201501998
746,K-000836,198200120
747,K-027734,201005082
748,K-002914,199000139
749,K-033340,201402850
750,K-000041,196200034
751,K-006628,199702588
752,K-028977,201109232
753,K-003143,199001832
754,K-027182,201001731
755,K-025335,200901618
756,K-017057,200501241
757,K-014616,200401318
758,K-034285,201404615
759,K-032658,201400762
760,K-008877,200001184
761,K-006234,199701024
762,K-030649,201302390
763,K-001459,198500628
764,K-032410,201310991
765,K-036344,201502973
766,K-037566,201507070
767,K-030524,201300051
768,K-014967,200402063
769,K-008138,199902683
770,K-036254,201502753
771,K-031327,201307928
772,K-028437,201103151
773,K-022759,200713296
774,K-003162,199002111
775,K-029786,201206020
776,K-028709,201105486
777,K-002880,198902559
778,K-005962,199604709
779,K-003364,199101298
780,K-000121,197000076
781,K-007824,199900936
782,K-032591,201400451
783,K-035749,201501637
784,K-019460,200607004
785,K-031766,201309088
786,K-032521,201400352
787,K-038855,201602430
788,K-019552,200607734
789,K-038852,201602427
790,K-012346,200204177
791,K-027049,201000978
792,K-001676,198600470
793,K-024329,200807809
794,K-004622,199400946
795,K-011530,200200377
796,K-014262,200400478
797,K-030244,201207542
798,K-039048,201602909
799,K-029675,201205263
800,K-002673,198900578
801,K-028285,201101491
802,K-040333,201605334
803,K-009460,200003111
804,K-034413,201404850
805,K-005342,199502843
806,K-018114,200510991
807,K-001685,198600614
808,K-011630,200200723
809,K-024088,200806961
810,K-037975,201508211
811,K-030295,201208083
812,K-005203,199501757
813,K-029055,201109442
814,K-028424,201102769
815,K-015102,200402281
816,K-031302,201307896
817,K-030096,201207009
818,K-001731,198601051
819,K-037366,201506481
820,K-022347,200710758
821,K-030668,201302670
822,K-041949,201705044
823,K-030939,201306407
824,K-002049,198701672
825,K-033421,201402984
826,K-026586,200906062
827,K-035341,201500673
828,K-012847,200300579
829,K-023113,200801517
830,K-000742,198100091
831,K-002754,198901319
832,K-021686,200707947
833,K-011087,200103523
834,K-018224,200511382
835,K-020259,200701034
836,K-007588,199806985
837,K-029991,201206759
838,K-016025,200404437
839,K-003743,199201106
840,K-006681,199702974
841,K-004572,199400635
842,K-029617,201204550
843,K-021260,200705587
844,K-027399,201003164
845,K-017973,200503303
846,K-036297,201502813
847,K-010158,200008797
848,K-042202,201706447
849,K-011599,200200611
850,K-014622,200401325
851,K-038107,201508555
852,K-011545,200200422
853,K-015621,200403323
854,K-005676,199601520
855,K-024914,200810940
856,K-022286,200710496
857,K-036176,201502644
858,K-030957,201306425
859,K-025185,200900698
860,K-013509,200302050
861,K-027064,201000994
862,K-017714,200502640
863,K-000397,197700114
864,K-007737,199900493
865,K-010320,200100108
866,K-040265,201605049
867,K-025691,200903830
868,K-032002,201309744
869,K-002236,198800718
870,K-019607,200607849
871,K-029315,201200186
872,K-033026,201401986
873,K-014971,200402069
874,K-028510,201103608
875,K-009387,200002729
876,K-032440,201400102
877,K-017912,200503125
878,K-038225,201600507
879,K-012081,200202194
880,K-006025,199700120
881,K-005558,199600597
882,K-029992,201206760
883,K-037991,201508281
884,K-016909,200500971
885,K-005647,199601314
886,K-011166,200103964
887,K-024608,200809300
888,K-007572,199806820
889,K-021058,200704671
890,K-005249,199502153
891,K-033398,201402936
892,K-037315,201506156
893,K-030326,201208462
894,K-003397,199101449
895,K-038556,201601537
896,K-016206,200409982
897,K-028623,201104359
898,K-022226,200710202
899,K-016039,200404611
900,K-016162,200404867
901,K-013826,200307798
902,K-010612,200101315
903,K-016249,200410142
904,K-036289,201502798
905,K-009015,200001827
906,K-036315,201502915
907,K-023030,200801080
908,K-031999,201309741
909,K-045103,201805241
910,K-032154,201310207
911,K-014275,200400508
912,K-028316,201101759
913,K-024375,200808091
914,K-037733,201507521
915,K-018414,200600123
916,K-037999,201508300
917,K-000272,197500016
918,K-024981,200811253
919,K-032358,201310841
920,K-037809,201507762
921,K-006854,199800085
922,K-018946,200603815
923,K-030511,201300034
924,K-029851,201206297
925,K-021612,200707542
926,K-030177,201207417
927,K-038783,201602296
928,K-008123,199902599
929,K-004624,199400948
930,K-018337,200512327
931,K-025097,200812014
932,K-012003,200201855
933,K-029749,201205832
934,K-028818,201107227
935,K-015190,200402452
936,K-020877,200703803
937,K-011064,200103343
938,K-029205,201110501
939,K-015269,200402643
940,K-017668,200502474
941,K-037418,201506633
942,K-001346,198401033
943,K-022465,200711422
944,K-014178,200400324
945,K-007143,199801575
946,K-018460,200600225
947,K-007146,199801581
948,K-007499,199804362
949,K-000441,197800009
950,K-010449,200100602
951,K-009495,200003403
952,K-033056,201402057
953,K-029451,201201587
954,K-030738,201304742
955,K-007925,199901516
956,K-018634,200600527
957,K-015262,200402623
958,K-025629,200903392
959,K-021063,200704765
960,K-019843,200610627
961,K-007945,199901644
962,K-017237,200501597
963,K-004548,199400500
964,K-003704,199200869
965,K-028128,201100793
966,K-005163,199501552
967,K-036798,201504199
968,K-038449,201601174
969,K-037513,201506829
970,K-007898,199901332
971,K-030242,201207540
972,K-024240,200807469
973,K-031600,201308588
974,K-025030,200811530
975,K-029643,201204971
976,K-014348,200400687
977,K-032537,201400379
978,K-003728,199201048
979,K-021004,200704505
980,K-027060,201000989
981,K-014060,200400121
982,K-029768,201205950
983,K-014121,200400233
984,K-023531,200804360
985,K-006855,199800086
986,K-004105,199300758
987,K-038144,201600261
988,K-022978,200800691
989,K-029727,201205549
990,K-037351,201506398
991,K-003487,199102092
992,K-000143,197100057
993,K-029495,201202397
994,K-025438,200902214
995,K-052620,202005385
996,K-026620,200906330
997,K-023497,200804089
998,K-011327,200109233
999,K-009360,200002646
1000,K-033621,201403389
1001,K-034575,201405135
1002,K-032048,201309882
1003,K-032020,201309808
1004,K-004895,199403378
1005,K-008120,199902459
1006,K-033003,201401944
1007,K-024339,200807882
1008,K-023357,200803211
1009,K-003212,199100118
1010,K-016560,200500280
1011,K-000208,197300150
1012,K-027524,201003713
1013,K-008834,200000796
1014,K-006076,199700379
1015,K-037748,201507597
1016,K-009410,200002787
1017,K-011047,200103187
1018,K-005556,199600581
1019,K-032268,201310589
1020,K-015217,200402510
1021,K-000059,196400046
1022,K-000112,197000037
1023,K-022355,200710799
1024,K-052618,202005383
1025,K-009027,200001896
1026,K-031042,201306984
1027,K-030636,201302166
1028,K-020852,200703673
1029,K-012644,200300103
1030,K-025287,200901321
1031,K-032505,201400318
1032,K-024850,200810688
1033,K-024350,200807945
1034,K-033009,201401963
1035,K-035206,201500365
1036,K-023698,200805389
1037,K-018969,200603879
1038,K-032252,201310515
1039,K-029896,201206444
1040,K-022306,200710567
1041,K-026136,200905018
1042,K-002298,198801226
1043,K-030846,201306123
1044,K-021819,200708534
1045,K-022491,200711589
1046,K-008452,199906954
1047,K-038547,201601510
1048,K-015236,200402560
1049,K-035328,201500644
1050,K-021586,200707385
1051,K-007029,199801067
1052,K-000256,197400277
1053,K-035208,201500367
1054,K-024941,200811061
1055,K-003102,199001340
1056,K-030356,201208632
1057,K-002259,198800911
1058,K-003647,199200476
1059,K-032138,201310133
1060,K-017431,200502039
1061,K-030233,201207515
1062,K-019469,200607018
1063,K-017633,200502416
1064,K-035934,201502216
1065,K-007402,199803145
1066,K-007388,199803095
1067,K-020769,200703280
1068,K-039136,201603058
1069,K-024302,200807669
1070,K-036805,201504206
1071,K-010732,200101637
1072,K-007243,199802000
1073,K-034460,201404976
1074,K-024279,200807582
1075,K-024950,200811106
1076,K-003244,199100413
1077,K-006559,199702165
1078,K-005818,199602408
1079,K-023379,200803292
1080,K-012968,200300826
1081,K-023808,200805843
1082,K-025319,200901548
1083,K-036787,201504178
1084,K-022661,200712742
1085,K-014110,200400215
1086,K-015660,200403411
1087,K-000124,197000102
1088,K-035803,201501709
1089,K-001822,198700096
1090,K-005807,199602310
1091,K-019080,200604244
1092,K-025214,200900891
1093,K-037065,201505072
1094,K-011651,200200775
1095,K-033376,201402893
1096,K-002483,198801531
1097,K-016222,200410071
1098,K-005881,199602997
1099,K-026561,200905943
1100,K-036554,201503487
1101,K-031884,201309417
1102,K-027026,201000876
1103,K-020235,200700890
1104,K-010442,200100565
1105,K-028052,201100231
1106,K-018187,200511262
1107,K-031428,201308278
1108,K-011846,200201482
1109,K-017442,200502054
1110,K-018720,200600722
1111,K-020326,200701246
1112,K-052957,202006982
1113,K-006456,199701967
1114,K-014320,200400612
1115,K-001032,198300374
1116,K-023171,200801820
1117,K-015671,200403427
1118,K-021828,200708589
1119,K-030986,201306500
1120,K-014621,200401324
1121,K-011835,200201416
1122,K-031214,201307583
1123,K-026218,200905196
1124,K-011544,200200414
1125,K-024516,200808774
1126,K-050375,202000647
1127,K-022330,200710634
1128,K-038167,201600339
1129,K-016237,200410090
1130,K-022466,200711426
1131,K-030198,201207464
1132,K-034215,201404487
1133,K-023208,200802053
1134,K-001755,198601273
1135,K-013259,200301499
1136,K-030833,201306045
1137,K-020987,200704406
1138,K-037959,201508139
1139,K-017315,200501788
1140,K-030173,201207406
1141,K-034814,201405621
1142,K-028921,201108892
1143,K-013934,200308550
1144,K-011844,200201478
1145,K-017497,200502158
1146,K-032738,201400970
1147,K-027600,201004170
1148,K-029736,201205653
1149,K-029588,201203745
1150,K-037822,201507778
1151,K-035190,201500313
1152,K-013614,200302297
1153,K-002937,199000352
1154,K-024587,200809208
1155,K-016567,200500288
1156,K-022371,200710854
1157,K-013007,200300918
1158,K-035231,201500401
1159,K-009412,200002822
1160,K-016912,200500974
1161,K-000551,197900066
1162,K-036353,201502994
1163,K-030842,201306112
1164,K-027046,201000975
1165,K-004524,199400369
1166,K-030148,201207310
1167,K-028130,201100795
1168,K-041432,201701574
1169,K-025276,200901257
1170,K-018146,200511057
1171,K-038279,201600731
1172,K-027184,201001733
1173,K-015828,200403844
1174,K-016546,200500249
1175,K-012130,200202343
1176,K-031028,201306917
1177,K-018541,200600367
1178,K-019700,200608152
1179,K-051116,202002247
1180,K-032484,201400279
1181,K-016041,200404615
1182,K-012632,200300070
1183,K-007843,199901047
1184,K-006241,199701064
1185,K-031876,201309386
1186,K-006664,199702846
1187,K-013440,200301895
1188,K-006549,199702118
1189,K-005877,199602982
1190,K-034297,201404649
1191,K-022713,200713009
1192,K-034237,201404513
1193,K-013511,200302052
1194,K-041666,201702372
1195,K-001732,198601052
1196,K-035833,201501756
1197,K-034208,201404480
1198,K-010235,200009063
1199,K-018144,200511055
1200,K-017713,200502639
1201,K-000573,197900277
1202,K-034812,201405619
1203,K-011942,200201695
1204,K-009451,200003085
1205,K-004014,199300168
1206,K-004637,199401030
1207,K-000817,198200048
1208,K-016127,200404779
1209,K-026198,200905151
1210,K-036955,201504771
1211,K-004744,199401695
1212,K-017117,200501390
1213,K-031090,201307124
1214,K-037757,201507631
1215,K-013353,200301661
1216,K-027821,201005773
1217,K-016904,200500961
1218,K-015270,200402645
1219,K-000317,197500541
1220,K-023483,200803967
1221,K-040335,201605336
1222,K-018408,200600115
1223,K-019762,200608256
1224,K-020967,200704308
1225,K-028517,201103627
1226,K-031179,201307515
1227,K-016652,200500433
1228,K-011220,200108429
1229,K-002691,198900711
1230,K-016422,200411048
1231,K-008959,200001604
1232,K-011875,200201554
1233,K-019309,200606318
1234,K-016394,200410904
1235,K-047998,201905286
1236,K-014847,200401726
1237,K-000406,197700201
1238,K-012766,200300393
1239,K-003476,199101970
1240,K-023410,200803434
1241,K-028509,201103607
1242,K-023719,200805459
1243,K-041657,201702347
1244,K-030044,201206858
1245,K-037667,201507411
1246,K-030157,201207343
1247,K-041153,201700814
1248,K-013096,200301107
1249,K-001383,198500049
1250,K-029644,201204975
1251,K-028146,201100814
1252,K-021733,200708264
1253,K-052716,202005673
1254,K-027815,201005762
1255,K-012459,200209807
1256,K-011610,200200643
1257,K-000475,197800212
1258,K-033326,201402825
1259,K-024655,200809465
1260,K-027057,201000986
1261,K-028457,201103366
1262,K-023861,200805988
1263,K-001901,198700707
1264,K-017892,200503075
1265,K-025182,200900695
1266,K-030240,201207538
1267,K-005210,199501905
1268,K-037542,201506871
1269,K-032310,201310719
1270,K-024722,200809882
1271,K-023218,200802188
1272,K-051196,202002383
1273,K-000122,197000079
1274,K-004999,199500419
1275,K-036079,201502456
1276,K-001628,198600114
1277,K-013332,200301610
1278,K-026222,200905216
1279,K-018092,200503807
1280,K-040317,201605174
1281,K-038545,201601505
1282,K-013249,200301477
1283,K-029331,201200246
1284,K-018153,200511064
1285,K-025692,200903837
1286,K-034521,201405074
1287,K-034568,201405122
1288,K-016554,200500257
1289,K-042340,201706861
1290,K-013450,200301913
1291,K-030675,201302802
1292,K-022886,200800082
1293,K-034827,201405635
1294,K-033289,201402703
1295,K-021701,200708081
1296,K-035923,201502203
1297,K-035162,201500233
1298,K-004525,199400373
1299,K-014989,200402136
1300,K-018370,200600054
1301,K-017121,200501395
1302,K-019845,200610631
1303,K-030828,201306036
1304,K-022483,200711536
1305,K-014553,200401146
1306,K-000304,197500274
1307,K-020973,200704320
1308,K-004699,199401315
1309,K-008945,200001515
1310,K-023720,200805460
1311,K-020878,200703804
1312,K-000869,198200403
1313,K-031544,201308525
1314,K-015986,200404199
1315,K-031481,201308426
1316,K-009458,200003109
1317,K-016393,200410902
1318,K-025975,200904649
1319,K-015197,200402465
1320,K-006235,199701033
1321,K-007772,199900647
1322,K-017258,200501664
1323,K-034207,201404479
1324,K-009852,200005321
1325,K-011686,200200909
1326,K-013832,200307815
1327,K-013536,200302141
1328,K-032032,201309842
1329,K-029871,201206335
1330,K-035970,201502293
1331,K-051326,202002674
1332,K-016555,200500258
1333,K-021207,200705392
1334,K-037761,201507640
1335,K-038289,201600778
1336,K-034597,201405223
1337,K-015772,200403718
1338,K-021171,200705215
1339,K-021540,200707142
1340,K-004469,199400038
1341,K-035006,201406121
1342,K-032403,201310979
1343,K-020212,200700790
1344,K-011445,200200143
1345,K-030145,201207301
1346,K-036307,201502862
1347,K-028939,201109030
1348,K-016647,200500424
1349,K-038461,201601197
1350,K-003157,199002095
1351,K-003078,199001080
1352,K-007060,199801203
1353,K-016460,200500072
1354,K-031357,201308005
1355,K-024995,200811364
1356,K-004478,199400114
1357,K-009475,200003154
1358,K-029818,201206159
1359,K-009740,200005087
1360,K-024980,200811252
1361,K-033973,201403995
1362,K-051295,202002620
1363,K-018316,200512236
1364,K-000167,197200125
1365,K-022620,200712401
1366,K-033636,201403407
1367,K-018407,200600114
1368,K-037777,201507696
1369,K-029475,201201967
1370,K-007567,199806740
1371,K-016518,200500196
1372,K-006865,199800180
1373,K-011029,200103049
1374,K-013531,200302121
1375,K-007303,199802244
1376,K-014746,200401548
1377,K-034365,201404770
1378,K-037051,201505033
1379,K-018188,200511263
1380,K-006064,199700265
1381,K-031813,201309164
1382,K-035881,201501891
1383,K-012671,200300155
1384,K-001449,198500616
1385,K-030225,201207507
1386,K-032145,201310152
1387,K-003483,199102014
1388,K-029455,201201602
1389,K-009552,200003819
1390,K-006320,199701392
1391,K-012248,200202890
1392,K-016223,200410072
1393,K-023923,200806300
1394,K-016589,200500335
1395,K-041948,201705043
1396,K-002302,198801248
1397,K-001025,198300327
1398,K-035073,201500041
1399,K-004550,199400511
1400,K-017371,200501939
1401,K-025966,200904629
1402,K-024393,200808150
1403,K-040342,201605343
1404,K-035593,201501350
1405,K-006563,199702182
1406,K-008929,200001455
1407,K-029909,201206489
1408,K-006977,199800767
1409,K-003247,199100426
1410,K-012757,200300375
1411,K-000341,197600036
1412,K-041293,201701269
1413,K-006273,199701147
1414,K-014363,200400727
1415,K-017379,200501947
1416,K-035905,201501971
1417,K-030085,201206997
1418,K-012880,200300657
1419,K-029693,201205364
1420,K-001109,198301052
1421,K-028588,201104026
1422,K-010548,200101022
1423,K-012959,200300814
1424,K-036098,201502487
1425,K-024261,200807526
1426,K-004378,199303108
1427,K-018432,200600159
1428,K-043499,201801256
1429,K-005391,199504272
1430,K-010614,200101317
1431,K-030422,201209573
1432,K-027199,201001891
1433,K-006378,199701659
1434,K-013390,200301805
1435,K-024784,200810340
1436,K-024863,200810760
1437,K-038586,201601614
1438,K-018716,200600718
1439,K-006169,199700692
1440,K-038131,201600209
1441,K-019754,200608240
1442,K-035501,201501053
1443,K-034251,201404535
1444,K-024426,200808248
1445,K-021591,200707390
1446,K-000042,196200043
1447,K-012770,200300408
1448,K-004224,199301659
1449,K-036107,201502554
1450,K-001673,198600457
1451,K-008879,200001186
1452,K-038187,201600390
1453,K-011617,200200677
1454,K-037019,201504970
1455,K-013395,200301818
1456,K-001872,198700477
1457,K-027127,201001421
1458,K-006014,199700057
1459,K-033146,201402309
1460,K-028475,201103466
1461,K-007235,199801959
1462,K-025886,200904420
1463,K-003037,199000708
1464,K-032376,201310917
1465,K-032127,201310091
1466,K-036864,201504317
1467,K-002159,198800153
1468,K-032575,201400423
1469,K-025495,200902507
1470,K-035582,201501315
1471,K-002091,198800057
1472,K-015294,200402698
1473,K-029980,201206724
1474,K-028245,201101014
1475,K-023628,200805090
1476,K-043780,201801860
1477,K-022176,200709902
1478,K-012430,200209639
1479,K-009452,200003086
1480,K-032267,201310588
1481,K-032279,201310615
1482,K-020799,200703392
1483,K-029006,201109279
1484,K-017238,200501601
1485,K-022494,200711634
1486,K-010411,200100451
1487,K-027068,201000998
1488,K-004939,199500183
1489,K-003414,199101531
1490,K-009591,200004264
1491,K-003832,199201807
1492,K-006287,199701227
1493,K-006291,199701242
1494,K-054859,200209641
1495,K-017997,200503400
1496,K-009023,200001887
1497,K-011416,200200074
1498,K-038341,201600889
1499,K-016832,200500822
1500,K-014988,200402135
1501,K-031989,201309684
1502,K-027567,201003989
1503,K-023933,200806365
1504,K-021426,200706542
1505,K-014088,200400177
1506,K-020251,200701021
1507,K-024163,200807207
1508,K-019519,200607668
1509,K-032088,201309970
1510,K-032040,201309853
1511,K-005579,199600770
1512,K-015456,200402983
1513,K-027385,201003150
1514,K-010491,200100795
1515,K-016233,200410086
1516,K-000748,198100123
1517,K-008921,200001430
1518,K-015427,200402947
1519,K-030039,201206849
1520,K-013966,200308647
1521,K-013911,200308354
1522,K-025120,200900207
1523,K-016550,200500253
1524,K-013957,200308619
1525,K-011780,200201233
1526,K-034316,201404686
1527,K-029618,201204555
1528,K-002482,198801525
1529,K-001454,198500622
1530,K-004165,199301193
1531,K-029230,201110646
1532,K-032134,201310117
1533,K-000731,198100015
1534,K-035649,201501471
1535,K-002897,199000005
1536,K-012187,200202740
1537,K-014042,200400085
1538,K-017056,200501239
1539,K-038152,201600298
1540,K-030725,201304287
1541,K-030037,201206846
1542,K-006426,199701883
1543,K-020300,200701203
1544,K-036670,201503839
1545,K-035024,201406161
1546,K-049556,201907831
1547,K-000746,198100119
1548,K-017135,200501415
1549,K-031210,201307579
1550,K-007914,199901458
1551,K-012914,200300725
1552,K-034999,201406091
1553,K-001771,198601398
1554,K-001768,198601389
1555,K-034155,201404403
1556,K-009563,200003983
1557,K-021793,200708432
1558,K-028460,201103416
1559,K-031543,201308524
1560,K-010450,200100614
1561,K-023453,200803701
1562,K-032906,201401486
1563,K-007107,199801435
1564,K-030702,201303039
1565,K-000653,198000158
1566,K-030008,201206793
1567,K-021553,200707218
1568,K-013938,200308578
1569,K-022794,200713517
1570,K-004130,199300958
1571,K-028902,201108206
1572,K-012019,200201895
1573,K-005033,199500630
1574,K-029929,201206575
1575,K-028790,201106982
1576,K-028465,201103421
1577,K-033231,201402507
1578,K-025568,200903041
1579,K-018113,200510990
1580,K-004276,199302106
1581,K-030577,201301493
1582,K-018118,200511001
1583,K-032810,201401266
1584,K-034941,201405939
1585,K-031705,201308928
1586,K-006421,199701845
1587,K-015867,200403934
1588,K-013900,200308324
1589,K-023424,200803516
1590,K-027465,201003398
1591,K-010467,200100673
1592,K-001438,198500515
1593,K-023798,200805812
1594,K-013661,200302521
1595,K-001848,198700366
1596,K-028074,201100374
1597,K-007928,199901534
1598,K-016000,200404255
1599,K-029916,201206499
1600,K-030915,201306379
1601,K-037908,201507979
1602,K-015216,200402508
1603,K-035453,201500966
1604,K-020805,200703429
1605,K-041998,201705468
1606,K-014986,200402122
1607,K-044382,201803204
1608,K-024101,200806977
1609,K-033448,201403040
1610,K-023004,200800965
1611,K-020150,200700437
1612,K-027185,201001737
1613,K-024485,200808560
1614,K-029292,201112299
1615,K-036704,201503940
1616,K-006835,199704687
1617,K-026154,200905053
1618,K-027843,201006120
1619,K-050144,202000200
1620,K-033979,201404005
1621,K-052916,202006756
1622,K-023598,200804917
1623,K-014143,200400261
1624,K-035470,201501001
1625,K-003184,199002441
1626,K-025162,200900592
1627,K-032544,201400386
1628,K-019657,200607969
1629,K-020853,200703674
1630,K-046430,201902303
1631,K-007337,199802611
1632,K-034163,201404417
1633,K-014280,200400514
1634,K-051672,202003220
1635,K-018966,200603875
1636,K-004617,199400891
1637,K-033069,201402070
1638,K-030285,201207721
1639,K-028995,201109260
1640,K-007328,199802497
1641,K-000163,197200084
1642,K-020608,200702709
1643,K-029061,201109596
1644,K-006199,199700808
1645,K-033736,201403545
1646,K-036751,201504106
1647,K-015258,200402617
1648,K-022490,200711587
1649,K-018642,200600544
1650,K-019848,200610634
1651,K-043814,201801977
1652,K-028969,201109224
1653,K-007348,199802671
1654,K-028397,201102482
1655,K-028208,201100951
1656,K-000070,196600011
1657,K-038731,201602140
1658,K-028477,201103468
1659,K-034204,201404476
1660,K-023084,200801332
1661,K-020410,200701913
1662,K-019699,200608151
1663,K-029513,201202525
1664,K-034356,201404759
1665,K-034321,201404696
1666,K-032735,201400967
1667,K-041947,201705042
1668,K-014587,200401254
1669,K-012178,200202713
1670,K-029962,201206669
1671,K-017229,200501578
1672,K-012649,200300111
1673,K-019232,200605445
1674,K-003460,199101866
1675,K-027771,201005236
1676,K-038460,201601196
1677,K-029972,201206684
1678,K-025854,200904353
1679,K-004775,199401972
1680,K-021411,200706467
1681,K-017800,200502809
1682,K-031328,201307929
1683,K-012256,200202928
1684,K-003884,199202281
1685,K-022587,200712070
1686,K-026571,200905962
1687,K-026255,200905283
1688,K-036615,201503600
1689,K-031883,201309416
1690,K-020503,200702312
1691,K-049590,201907894
1692,K-021065,200704767
1693,K-036337,201502966
1694,K-016645,200500421
1695,K-013153,200301224
1696,K-034206,201404478
1697,K-004377,199303107
1698,K-035837,201501773
1699,K-015577,200403246
1700,K-035245,201500439
1701,K-016130,200404797
1702,K-025868,200904391
1703,K-038967,201602706
1704,K-012829,200300521
1705,K-012416,200209427
1706,K-001630,198600123
1707,K-015663,200403415
1708,K-010986,200102845
1709,K-003321,199100966
1710,K-013019,200300953
1711,K-032550,201400392
1712,K-014317,200400587
1713,K-017721,200502655
1714,K-038957,201602683
1715,K-011763,200201181
1716,K-005094,199501099
1717,K-019995,200611369
1718,K-034242,201404518
1719,K-008731,200000548
1720,K-016232,200410085
1721,K-032605,201400537
1722,K-037430,201506653
1723,K-002655,198900494
1724,K-013028,200300987
1725,K-026874,200908353
1726,K-001180,198400322
1727,K-012564,200210593
1728,K-040244,201605000
1729,K-025078,200811814
1730,K-012922,200300737
1731,K-028555,201103854
1732,K-010555,200101037
1733,K-012854,200300591
1734,K-012778,200300416
1735,K-000250,197400246
1736,K-015491,200403042
1737,K-019630,200607903
1738,K-001155,198400182
1739,K-034328,201404707
1740,K-002537,198802481
1741,K-037550,201506895
1742,K-032079,201309959
1743,K-003329,199100996
1744,K-028258,201101038
1745,K-029514,201202526
1746,K-003899,199202530
1747,K-038970,201602709
1748,K-012951,200300804
1749,K-005227,199501958
1750,K-013814,200307775
1751,K-021840,200708601
1752,K-017415,200502010
1753,K-004253,199301968
1754,K-000257,197400278
1755,K-006672,199702918
1756,K-023519,200804288
1757,K-014374,200400766
1758,K-022232,200710246
1759,K-014279,200400512
1760,K-025169,200900606
1761,K-001452,198500619
1762,K-030411,201209444
1763,K-037654,201507397
1764,K-011112,200103653
1765,K-008014,199901886
1766,K-035285,201500523
1767,K-024753,200810114
1768,K-020929,200704035
1769,K-038962,201602701
1770,K-033352,201402866
1771,K-005856,199602716
1772,K-035791,201501696
1773,K-035589,201501326
1774,K-021837,200708598
1775,K-002672,198900577
1776,K-031142,201307410
1777,K-039108,201603024
1778,K-001453,198500620
1779,K-013910,200308353
1780,K-016727,200500559
1781,K-026900,200908500
1782,K-010408,200100431
1783,K-041667,201702373
1784,K-032342,201310820
1785,K-035798,201501703
1786,K-015384,200402845
1787,K-014919,200401891
1788,K-044395,201803233
1789,K-013833,200307816
1790,K-023273,200802558
1791,K-047626,201904346
1792,K-004477,199400095
1793,K-017007,200501162
1794,K-013105,200301119
1795,K-023347,200803148
1796,K-003500,199102276
1797,K-002169,198800190
1798,K-044852,201804474
1799,K-034091,201404238
1800,K-006376,199701653
1801,K-045925,201901543
1802,K-029803,201206090
1803,K-000730,198100012
1804,K-027869,201006492
1805,K-016248,200410141
1806,K-008464,199907013
1807,K-038261,201600677
1808,K-023405,200803424
1809,K-034900,201405857
1810,K-007383,199803076
1811,K-029676,201205264
1812,K-032561,201400409
1813,K-003245,199100420
1814,K-012913,200300724
1815,K-042262,201706645
1816,K-016790,200500676
1817,K-007913,199901457
1818,K-018949,200603850
1819,K-028624,201104376
1820,K-037249,201505880
1821,K-017323,200501803
1822,K-019156,200605253
1823,K-005087,199501060
1824,K-030199,201207465
1825,K-027187,201001744
1826,K-014364,200400728
1827,K-012606,200300015
1828,K-017220,200501559
1829,K-014256,200400472
1830,K-002822,198901887
1831,K-012865,200300623
1832,K-004563,199400581
1833,K-008501,199907135
1834,K-036799,201504200
1835,K-031917,201309480
1836,K-006564,199702183
1837,K-025929,200904516
1838,K-010545,200101016
1839,K-022183,200709913
1840,K-036971,201504815
1841,K-006960,199800677
1842,K-014205,200400364
1843,K-003036,199000707
1844,K-013354,200301662
1845,K-013870,200307980
1846,K-038954,201602679
1847,K-037501,201506816
1848,K-012080,200202193
1849,K-046427,201902300
1850,K-035780,201501684
1851,K-037864,201507888
1852,K-027048,201000977
1853,K-016475,200500125
1854,K-006731,199703379
1855,K-009569,200004038
1856,K-027464,201003397
1857,K-010155,200008777
1858,K-025577,200903069
1859,K-055721,200906540
1860,K-031321,201307922
1861,K-027652,201004569
1862,K-010952,200102667
1863,K-038168,201600340
1864,K-031050,201307002
1865,K-012611,200300029
1866,K-001570,198501220
1867,K-013391,200301808
1868,K-019121,200604308
1869,K-033688,201403487
1870,K-019860,200610658
1871,K-020548,200702508
1872,K-024143,200807091
1873,K-028422,201102767
1874,K-032832,201401316
1875,K-032445,201400117
1876,K-026351,200905483
1877,K-025005,200811432
1878,K-029892,201206435
1879,K-029921,201206540
1880,K-005849,199602668
1881,K-013569,200302214
1882,K-009453,200003092
1883,K-016870,200500892
1884,K-010912,200102499
1885,K-035766,201501658
1886,K-011252,200108763
1887,K-031900,201309444
1888,K-016685,200500489
1889,K-011154,200103882
1890,K-022644,200712588
1891,K-010914,200102543
1892,K-036130,201502577
1893,K-000066,196500004
1894,K-018119,200511002
1895,K-030886,201306327
1896,K-023245,200802327
1897,K-013005,200300916
1898,K-004481,199400171
1899,K-000147,197100081
1900,K-010710,200101555
1901,K-023425,200803517
1902,K-035982,201502309
1903,K-023702,200805418
1904,K-007059,199801202
1905,K-004601,199400798
1906,K-011635,200200734
1907,K-021679,200707923
1908,K-026715,200906719
1909,K-030600,201301617
1910,K-034927,201405912
1911,K-038290,201600779
1912,K-018433,200600160
1913,K-006613,199702485
1914,K-038877,201602500
1915,K-028121,201100747
1916,K-021756,200708357
1917,K-023860,200805986
1918,K-030766,201305056
1919,K-006274,199701154
1920,K-030045,201206859
1921,K-009551,200003812
1922,K-032852,201401376
1923,K-007508,199806333
1924,K-026603,200906233
1925,K-021644,200707752
1926,K-037530,201506848
1927,K-006972,199800725
1928,K-014151,200400274
1929,K-014732,200401526
1930,K-031376,201308067
1931,K-020128,200700140
1932,K-031753,201309067
1933,K-021118,200704961
1934,K-027693,201004772
1935,K-024409,200808195
1936,K-010154,200008776
1937,K-031018,201306861
1938,K-012246,200202888
1939,K-016551,200500254
1940,K-023872,200806021
1941,K-014619,200401321
1942,K-038533,201601453
1943,K-033000,201401937
1944,K-024029,200806769
1945,K-010772,200101870
1946,K-009425,200002939
1947,K-007703,199900349
1948,K-000183,197300021
1949,K-022712,200713008
1950,K-007447,199803482
1951,K-007217,199801849
1952,K-038724,201602114
1953,K-020860,200703700
1954,K-015583,200403255
1955,K-036345,201502974
1956,K-024915,200810951
1957,K-015365,200402806
1958,K-015630,200403333
1959,K-033060,201402061
1960,K-038400,201601056
1961,K-007317,199802387
1962,K-027194,201001805
1963,K-031984,201309655
1964,K-003510,199102384
1965,K-035914,201501980
1966,K-018308,200512203
1967,K-005811,199602374
1968,K-030309,201208292
1969,K-025230,200900972
1970,K-012902,200300703
1971,K-029683,201205274
1972,K-015759,200403655
1973,K-006656,199702829
1974,K-004751,199401734
1975,K-019037,200604178
1976,K-040622,201606254
1977,K-035730,201501606
1978,K-020879,200703805
1979,K-009429,200002949
1980,K-010224,200009026
1981,K-016549,200500252
1982,K-028354,201101861
1983,K-012052,200201997
1984,K-014474,200401015
1985,K-036058,201502420
1986,K-000715,198000440
1987,K-054813,200201478
1988,K-020297,200701200
1989,K-026067,200904855
1990,K-039036,201602889
1991,K-020220,200700835
1992,K-031702,201308925
1993,K-024157,200807171
1994,K-008825,200000743
1995,K-017120,200501394
1996,K-005876,199602981
1997,K-019438,200606960
1998,K-048531,201906183
1999,K-010931,200102615
2000,K-021831,200708592
2001,K-014763,200401582
2002,K-036242,201502716
2003,K-029677,201205265
2004,K-022095,200709544
2005,K-040709,201606577
2006,K-012714,200300251
2007,K-020256,200701028
2008,K-016036,200404608
2009,K-015375,200402830
2010,K-017440,200502052
2011,K-017094,200501348
2012,K-027926,201006967
2013,K-018110,200510974
2014,K-017594,200502319
2015,K-005215,199501939
2016,K-021732,200708258
2017,K-005837,199602533
2018,K-014701,200401475
2019,K-028010,201007750
2020,K-035161,201500232
2021,K-028134,201100799
2022,K-044085,201802579
2023,K-022318,200710607
2024,K-033134,201402276
2025,K-032992,201401921
2026,K-024949,200811105
2027,K-005196,199501736
2028,K-025316,200901544
2029,K-004157,199301091
2030,K-034502,201405045
2031,K-035117,201500114
2032,K-006327,199701414
2033,K-046429,201902302
2034,K-034789,201405584
2035,K-036940,201504729
2036,K-029711,201205447
2037,K-016050,200404644
2038,K-029905,201206479
2039,K-019313,200606326
2040,K-016410,200410993
2041,K-033465,201403085
2042,K-038018,201508347
2043,K-034962,201405992
2044,K-032662,201400785
2045,K-010149,200008764
2046,K-022469,200711456
2047,K-010222,200009024
2048,K-028345,201101852
2049,K-018155,200511066
2050,K-002027,198701383
2051,K-019846,200610632
2052,K-009554,200003825
2053,K-005912,199603160
2054,K-018023,200503619
2055,K-034205,201404477
2056,K-020695,200703082
2057,K-001728,198601047
2058,K-032583,201400435
2059,K-002492,198801649
2060,K-046737,201902794
2061,K-037479,201506786
2062,K-023310,200802773
2063,K-032067,201309924
2064,K-019235,200605448
2065,K-004671,199401186
2066,K-030851,201306135
2067,K-002680,198900630
2068,K-020582,200702570
2069,K-011015,200103013
2070,K-007639,199900185
2071,K-032163,201310234
2072,K-029646,201205037
2073,K-005594,199600913
2074,K-032448,201400123
2075,K-001793,198601958
2076,K-034192,201404454
2077,K-025656,200903668
2078,K-026587,200906065
2079,K-038910,201602561
2080,K-001461,198500632
2081,K-040215,201604907
2082,K-029686,201205329
2083,K-032012,201309789
2084,K-020615,200702749
2085,K-011543,200200406
2086,K-026281,200905339
2087,K-033223,201402496
2088,K-016468,200500102
2089,K-023873,200806022
2090,K-023104,200801383
2091,K-033628,201403399
2092,K-015573,200403241
2093,K-015874,200403982
2094,K-023336,200802979
2095,K-018194,200511277
2096,K-021268,200705595
2097,K-030409,201209303
2098,K-020085,200612598
2099,K-020668,200702968
2100,K-025228,200900969
2101,K-022331,200710635
2102,K-001615,198600058
2103,K-049905,201908438
2104,K-000460,197800093
2105,K-007014,199800990
2106,K-021883,200708654
2107,K-020862,200703713
2108,K-027008,201000776
2109,K-025211,200900888
2110,K-025887,200904422
2111,K-001774,198601406
2112,K-013829,200307807
2113,K-034501,201405044
2114,K-002709,198900901
2115,K-029724,201205536
2116,K-008657,200000223
2117,K-025184,200900697
2118,K-028359,201101884
2119,K-029873,201206337
2120,K-017519,200502209
2121,K-030598,201301615
2122,K-003868,199202071
2123,K-033829,201403744
2124,K-012742,200300312
2125,K-009020,200001859
2126,K-032089,201309973
2127,K-023175,200801836
2128,K-001352,198401132
2129,K-038927,201602610
2130,K-032539,201400381
2131,K-010383,200100383
2132,K-013628,200302371
2133,K-031194,201307562
2134,K-013836,200307819
2135,K-036129,201502576
2136,K-001744,198601222
2137,K-023812,200805862
2138,K-011579,200200502
2139,K-025268,200901181
2140,K-027386,201003151
2141,K-027040,201000968
2142,K-003148,199001951
2143,K-019549,200607731
2144,K-032167,201310244
2145,K-016880,200500924
2146,K-002536,198802479
2147,K-015259,200402618
2148,K-029734,201205628
2149,K-026827,200907915
2150,K-001862,198700405
2151,K-003718,199200936
2152,K-011680,200200858
2153,K-015561,200403221
2154,K-013103,200301117
2155,K-037872,201507897
2156,K-004167,199301197
2157,K-012955,200300808
2158,K-012935,200300769
2159,K-012129,200202342
2160,K-030143,201207294
2161,K-027436,201003206
2162,K-005218,199501944
2163,K-044258,201802991
2164,K-023852,200805945
2165,K-024603,200809274
2166,K-031897,201309439
2167,K-031918,201309481
2168,K-017462,200502086
2169,K-015572,200403240
2170,K-029430,201201272
2171,K-001906,198700733
2172,K-016063,200404670
2173,K-000196,197300084
2174,K-003392,199101438
2175,K-001450,198500617
2176,K-011993,200201832
2177,K-025227,200900967
2178,K-010512,200100865
2179,K-013618,200302306
2180,K-035815,201501730
2181,K-044184,201802764
2182,K-003611,199200248
2183,K-043670,201801645
2184,K-037517,201506833
2185,K-015753,200403642
2186,K-022244,200710273
2187,K-028668,201104878
2188,K-030728,201304290
2189,K-028296,201101640
2190,K-007023,199801024
2191,K-001909,198700737
2192,K-012247,200202889
2193,K-010731,200101635
2194,K-052691,202005599
2195,K-021834,200708595
2196,K-030973,201306451
2197,K-012475,200209851
2198,K-038884,201602513
2199,K-024609,200809301
2200,K-026544,200905915
2201,K-025728,200903974
2202,K-037543,201506872
2203,K-025075,200811798
2204,K-034681,201405404
2205,K-014052,200400113
2206,K-009273,200002302
2207,K-052486,202004872
2208,K-038712,201602091
2209,K-006686,199703010
2210,K-003055,199000939
2211,K-008931,200001457
2212,K-025885,200904419
2213,K-014921,200401908
2214,K-006130,199700556
2215,K-024626,200809389
2216,K-010160,200008801
2217,K-028081,201100467
2218,K-010225,200009027
2219,K-003491,199102138
2220,K-029642,201204970
2221,K-034499,201405042
2222,K-028334,201101841
2223,K-013368,200301730
2224,K-000944,198300096
2225,K-024462,200808414
2226,K-035475,201501006
2227,K-001782,198601478
2228,K-025306,200901507
2229,K-028763,201106367
2230,K-007927,199901519
2231,K-010486,200100779
2232,K-031952,201309546
2233,K-027607,201004224
2234,K-004015,199300175
2235,K-037653,201507396
2236,K-010920,200102577
2237,K-012207,200202791
2238,K-004077,199300459
2239,K-029058,201109514
2240,K-019511,200607653
2241,K-006193,199700763
2242,K-031258,201307727
2243,K-012369,200204308
2244,K-023729,200805497
2245,K-019734,200608208
2246,K-011426,200200100
2247,K-015770,200403710
2248,K-005208,199501832
2249,K-003016,199000550
2250,K-006212,199700883
2251,K-026675,200906562
2252,K-019925,200611019
2253,K-003776,199201469
2254,K-003104,199001346
2255,K-004467,199400034
2256,K-011233,200108698
2257,K-004578,199400695
2258,K-030062,201206934
2259,K-040530,201605863
2260,K-022182,200709910
2261,K-010537,200100944
2262,K-007750,199900528
2263,K-003183,199002440
2264,K-009032,200001931
2265,K-029429,201201271
2266,K-012979,200300840
2267,K-059585,202101645
2268,K-038713,201602093
2269,K-015388,200402852
2270,K-034202,201404474
2271,K-032579,201400429
2272,K-002593,198900125
2273,K-025588,200903136
2274,K-003010,199000530
2275,K-010790,200101913
2276,K-033820,201403730
2277,K-008550,200000019
2278,K-017587,200502310
2279,K-023835,200805910
2280,K-033615,201403380
2281,K-029204,201110492
2282,K-015896,200404048
2283,K-031490,201308448
2284,K-020156,200700468
2285,K-017051,200501234
2286,K-012857,200300598
2287,K-053357,202009212
2288,K-023411,200803449
2289,K-008859,200000999
2290,K-015263,200402630
2291,K-007136,199801540
2292,K-006558,199702164
2293,K-025040,200811629
2294,K-032377,201310920
2295,K-007246,199802009
2296,K-021796,200708444
2297,K-026581,200906052
2298,K-003063,199000983
2299,K-013392,200301809
2300,K-019222,200605430
2301,K-011546,200200423
2302,K-005439,199600087
2303,K-023223,200802213
2304,K-025780,200904159
2305,K-010733,200101653
2306,K-008975,200001712
2307,K-028482,201103473
2308,K-030555,201300892
2309,K-015632,200403335
2310,K-030936,201306404
2311,K-014276,200400509
2312,K-037284,201506005
2313,K-009432,200002985
2314,K-041290,201701248
2315,K-005562,199600625
2316,K-030980,201306492
2317,K-029819,201206160
2318,K-031472,201308391
2319,K-000657,198000170
2320,K-032050,201309887
2321,K-030505,201211564
2322,K-001739,198601102
2323,K-015211,200402487
2324,K-025980,200904666
2325,K-013356,200301667
2326,K-034448,201404928
2327,K-024484,200808559
2328,K-001061,198300605
2329,K-035122,201500122
2330,K-020346,200701406
2331,K-029321,201200204
2332,K-020834,200703598
2333,K-016218,200410067
2334,K-034275,201404593
2335,K-004562,199400579
2336,K-037589,201507146
2337,K-030307,201208290
2338,K-000285,197500135
2339,K-005408,199504318
2340,K-010448,200100592
2341,K-041918,201704832
2342,K-029251,201110747
2343,K-037190,201505725
2344,K-032580,201400432
2345,K-027128,201001422
2346,K-033886,201403868
2347,K-005946,199604622
2348,K-037666,201507410
2349,K-028161,201100867
2350,K-024266,200807539
2351,K-012758,200300376
2352,K-038182,201600385
2353,K-000368,197600412
2354,K-010536,200100936
2355,K-011425,200200099
2356,K-038453,201601187
2357,K-015105,200402284
2358,K-015145,200402342
2359,K-040623,201606255
2360,K-023869,200806017
2361,K-019910,200610986
2362,K-028972,201109227
2363,K-002521,198802329
2364,K-033607,201403359
2365,K-042226,201706559
2366,K-031059,201307061
2367,K-025470,200902350
2368,K-004786,199402195
2369,K-034959,201405987
2370,K-001904,198700731
2371,K-027777,201005501
2372,K-001435,198500436
2373,K-035488,201501029
2374,K-016447,200500041
2375,K-034703,201405439
2376,K-010610,200101309
2377,K-000027,195900043
2378,K-030239,201207537
2379,K-007842,199901043
2380,K-020465,200702172
2381,K-018534,200600349
2382,K-009272,200002301
2383,K-011613,200200662
2384,K-028612,201104267
2385,K-005260,199502223
2386,K-035351,201500694
2387,K-013813,200307774
2388,K-029671,201205259
2389,K-017716,200502646
2390,K-012134,200202353
2391,K-041692,201702410
2392,K-032270,201310592
2393,K-033622,201403390
2394,K-050264,202000409
2395,K-004543,199400486
2396,K-035492,201501039
2397,K-001463,198500634
2398,K-028941,201109140
2399,K-005570,199600669
2400,K-022015,200709159
2401,K-030518,201300045
2402,K-038319,201600844
2403,K-010293,200009625
2404,K-038019,201508351
2405,K-027052,201000981
2406,K-029426,201201264
2407,K-001150,198400131
2408,K-028336,201101843
2409,K-010305,200100048
2410,K-017486,200502139
2411,K-004314,199302514
2412,K-024924,200810981
2413,K-002896,198902881
2414,K-035194,201500327
2415,K-026973,200909517
2416,K-038134,201600217
2417,K-027365,201003043
2418,K-049866,201908351
2419,K-007568,199806741
2420,K-038140,201600253
2421,K-025927,200904514
2422,K-027181,201001730
2423,K-035346,201500685
2424,K-023253,200802393
2425,K-035205,201500364
2426,K-034249,201404533
2427,K-013156,200301228
2428,K-038582,201601600
2429,K-010749,200101738
2430,K-030562,201301227
2431,K-035209,201500368
2432,K-015116,200402297
2433,K-031168,201307482
2434,K-029171,201110192
2435,K-008451,199906953
2436,K-030063,201206935
2437,K-023844,200805926
2438,K-036720,201504045
2439,K-006006,199700038
2440,K-000400,197700126
2441,K-013602,200302273
2442,K-025285,200901319
2443,K-017482,200502133
2444,K-011976,200201776
2445,K-021824,200708585
2446,K-000818,198200049
2447,K-032668,201400806
2448,K-016092,200404712
2449,K-030488,201211056
2450,K-034125,201404327
2451,K-027055,201000984
2452,K-030158,201207344
2453,K-014366,200400733
2454,K-003909,199202572
2455,K-021506,200706908
2456,K-028817,201107226
2457,K-001899,198700705
2458,K-014612,200401307
2459,K-028516,201103617
2460,K-029886,201206409
2461,K-034988,201406046
2462,K-035366,201500723
2463,K-059524,202101579
2464,K-017696,200502557
2465,K-028542,201103782
2466,K-010897,200102266
2467,K-021062,200704764
2468,K-011251,200108760
2469,K-015519,200403089
2470,K-027978,201007499
2471,K-043812,201801975
2472,K-043251,201800601
2473,K-038184,201600387
2474,K-034310,201404670
2475,K-016204,200409980
2476,K-025275,200901232
2477,K-022194,200710024
2478,K-012244,200202873
2479,K-029808,201206118
2480,K-035370,201500729
2481,K-004324,199302666
2482,K-020330,200701280
2483,K-029308,201200009
2484,K-015412,200402912
2485,K-010202,200008952
2486,K-007749,199900524
2487,K-016372,200410870
2488,K-040671,201606391
2489,K-001756,198601284
2490,K-028155,201100827
2491,K-032170,201310271
2492,K-031387,201308169
2493,K-035452,201500965
2494,K-033927,201403938
2495,K-038440,201601147
2496,K-007500,199804594
2497,K-003747,199201155
2498,K-030574,201301377
2499,K-032997,201401934
2500,K-005808,199602312
2501,K-007024,199801026
2502,K-015531,200403138
2503,K-030110,201207067
2504,K-014388,200400798
2505,K-006316,199701347
2506,K-024752,200810113
2507,K-031473,201308392
2508,K-022885,200800081
2509,K-000231,197400040
2510,K-007638,199900184
2511,K-001464,198500636
2512,K-023679,200805296
2513,K-017948,200503246
2514,K-036085,201502462
2515,K-027391,201003156
2516,K-030912,201306376
2517,K-003646,199200475
2518,K-005248,199502147
2519,K-010281,200009496
2520,K-027563,201003955
2521,K-012843,200300567
2522,K-026194,200905144
2523,K-030091,201207003
2524,K-043946,201802251
2525,K-034526,201405079
2526,K-032227,201310391
2527,K-016807,200500721
2528,K-013969,200308774
2529,K-027228,201002103
2530,K-038076,201508496
2531,K-033287,201402682
2532,K-016795,200500694
2533,K-034659,201405356
2534,K-027602,201004172
2535,K-021325,200705992
2536,K-016514,200500186
2537,K-000080,196700060
2538,K-030003,201206780
2539,K-001843,198700309
2540,K-011524,200200366
2541,K-015279,200402671
2542,K-018757,200600860
2543,K-008899,200001292
2544,K-033895,201403877
2545,K-000760,198100242
2546,K-021835,200708596
2547,K-032615,201400605
2548,K-037116,201505160
2549,K-052715,202005672
2550,K-013905,200308343
2551,K-033830,201403745
2552,K-027984,201007524
2553,K-002722,198901021
2554,K-001612,198600036
2555,K-016989,200501107
2556,K-003680,199200633
2557,K-032936,201401536
2558,K-037671,201507415
2559,K-016699,200500524
2560,K-044978,201804839
2561,K-025476,200902395
2562,K-009464,200003116
2563,K-002943,199000362
2564,K-033024,201401984
2565,K-013020,200300956
2566,K-029858,201206319
2567,K-021836,200708597
2568,K-017534,200502228
2569,K-038576,201601582
2570,K-014841,200401718
2571,K-013683,200302623
2572,K-037755,201507620
2573,K-002845,198902158
2574,K-016803,200500714
2575,K-036270,201502775
2576,K-031466,201308377
2577,K-013234,200301437
2578,K-024831,200810584
2579,K-013599,200302266
2580,K-016709,200500538
2581,K-022650,200712647
2582,K-000165,197200091
2583,K-012220,200202816
2584,K-028438,201103159
2585,K-028740,201105918
2586,K-024127,200807045
2587,K-009519,200003493
2588,K-009550,200003806
2589,K-020385,200701809
2590,K-017219,200501558
2591,K-000118,197000068
2592,K-031478,201308400
2593,K-002042,198701583
2594,K-023203,200802023
2595,K-045265,201900178
2596,K-008735,200000560
2597,K-016799,200500704
2598,K-002807,198901605
2599,K-010316,200100102
2600,K-002922,199000165
2601,K-027996,201007695
2602,K-023272,200802557
2603,K-011032,0
2604,K-051669,202003217
2605,K-007947,199901651
2606,K-025189,200900740
2607,K-012903,200300708
2608,K-002005,198701132
2609,K-004544,199400488
2610,K-019052,200604199
2611,K-003532,199102630
2612,K-011225,200108672
2613,K-045067,201805153
2614,K-034764,201405523
2615,K-014057,200400118
2616,K-008835,200000797
2617,K-006941,199800504
2618,K-028076,201100380
2619,K-007240,199801987
2620,K-032980,201401826
2621,K-019605,200607843
2622,K-032739,201400971
2623,K-005471,199600267
2624,K-008124,199902612
2625,K-000898,198200707
2626,K-036243,201502717
2627,K-005806,199602290
2628,K-034084,201404221
2629,K-003049,199000893
2630,K-006562,199702177
2631,K-007822,199900926
2632,K-023005,200800966
2633,K-012420,200209622
2634,K-038186,201600389
2635,K-029998,201206771
2636,K-022604,200712252
2637,K-035794,201501699
2638,K-027179,201001728
2639,K-028239,201101004
2640,K-038554,201601522
2641,K-031885,201309418
2642,K-001562,198501028
2643,K-021718,200708144
2644,K-038620,201601698
2645,K-026741,200906877
2646,K-030478,201210742
2647,K-014290,200400528
2648,K-035723,201501592
2649,K-020610,200702734
2650,K-004298,199302401
2651,K-019847,200610633
2652,K-025474,200902364
2653,K-038450,201601178
2654,K-023196,200801987
2655,K-036863,201504316
2656,K-001103,198301004
2657,K-024297,200807647
2658,K-023863,200805991
2659,K-035592,201501348
2660,K-045403,201900673
2661,K-017111,200501372
2662,K-005987,199604979
2663,K-001462,198500633
2664,K-001027,198300329
2665,K-035601,201501366
2666,K-007012,199800976
2667,K-005508,199600367
2668,K-005949,199604657
2669,K-023623,200805063
2670,K-024468,200808451
2671,K-050105,202000112
2672,K-000492,197800308
2673,K-012769,200300406
2674,K-040639,201606307
2675,K-028493,201103562
2676,K-015257,200402610
2677,K-001029,198300343
2678,K-024050,200806809
2679,K-027525,201003714
2680,K-039146,201603068
2681,K-028360,201101885
2682,K-035252,201500446
2683,K-015893,200404044
2684,K-038245,201600576
2685,K-030952,201306420
2686,K-019122,200604312
2687,K-024811,200810499
2688,K-034673,201405382
2689,K-012631,200300069
2690,K-017772,200502757
2691,K-003727,199201046
2692,K-015390,200402856
2693,K-017160,200501458
2694,K-030474,201210737
2695,K-012638,200300092
2696,K-025828,200904308
2697,K-033309,201402789
2698,K-052621,202005386
2699,K-023252,200802392
2700,K-027616,201004245
2701,K-023604,200804942
2702,K-016056,200404657
2703,K-058086,200201329
2704,K-014339,200400668
2705,K-022361,200710816
2706,K-011307,200109139
2707,K-015623,200403325
2708,K-035685,201501540
2709,K-025304,200901456
2710,K-019558,200607740
2711,K-030035,201206844
2712,K-025178,200900682
2713,K-032493,201400289
2714,K-001527,198500893
2715,K-006557,199702163
2716,K-000454,197800027
2717,K-001382,198500041
2718,K-034078,201404206
2719,K-028129,201100794
2720,K-021707,200708094
2721,K-000032,196000008
2722,K-018060,200503731
2723,K-016722,200500554
2724,K-006697,199703153
2725,K-037576,201507094
2726,K-037471,201506766
2727,K-024723,200809883
2728,K-013264,200301505
2729,K-008537,199907335
2730,K-010157,200008796
2731,K-003606,199200232
2732,K-017777,200502762
2733,K-028209,201100952
2734,K-012722,200300266
2735,K-002908,199000074
2736,K-004565,199400586
2737,K-038105,201508553
2738,K-008307,199904162
2739,K-034799,201405598
2740,K-031365,201308048
2741,K-035416,201500900
2742,K-028592,201104042
2743,K-034058,201404162
2744,K-030286,201207722
2745,K-019314,200606351
2746,K-014264,200400480
2747,K-022705,200712981
2748,K-028864,201107526
2749,K-015289,200402690
2750,K-034326,201404705
2751,K-019637,200607915
2752,K-016221,200410070
2753,K-052619,202005384
2754,K-026993,201000406
2755,K-008529,199907311
2756,K-030528,201300114
2757,K-023786,200805749
2758,K-020382,200701756
2759,K-023556,200804631
2760,K-013336,200301618
2761,K-024979,200811251
2762,K-000178,197200376
2763,K-034250,201404534
2764,K-029580,201203612
2765,K-016736,200500570
2766,K-023718,200805458
2767,K-010234,200009062
2768,K-019796,200608320
2769,K-007381,199803062
2770,K-002654,198900493
2771,K-024162,200807205
2772,K-026667,200906540
2773,K-035957,201502264
2774,K-012501,200209893
2775,K-027838,201006075
2776,K-000658,198000206
2777,K-032243,201310413
2778,K-035659,201501483
2779,K-029760,201205933
2780,K-028980,201109235
2781,K-006626,199702566
2782,K-019540,200607709
2783,K-024928,200810996
2784,K-006927,199800468
2785,K-038614,201601691
2786,K-028495,201103565
2787,K-014206,200400366
2788,K-004569,199400630
2789,K-011399,200110066
2790,K-000744,198100103
2791,K-004653,199401133
2792,K-013958,200308624
2793,K-033913,201403910
2794,K-038733,201602144
2795,K-036956,201504772
2796,K-024057,200806846
2797,K-003152,199002022
2798,K-031983,201309654
2799,K-016392,200410901
2800,K-044818,201804347
2801,K-027722,201005041
2802,K-002031,198701478
2803,K-039150,201603072
2804,K-007339,199802620
2805,K-005986,199604977
2806,K-028928,201108989
2807,K-028281,201101451
2808,K-010746,200101731
2809,K-013135,200301181
2810,K-009443,200003019
2811,K-036271,201502776
2812,K-036171,201502639
2813,K-017646,200502447
2814,K-026622,200906384
2815,K-012502,200209894
2816,K-037789,201507722
2817,K-021266,200705593
2818,K-014370,200400752
2819,K-032808,201401264
2820,K-007919,199901480
2821,K-005854,199602706
2822,K-030016,201206820
2823,K-029603,201204330
2824,K-007325,199802438
2825,K-017002,200501155
2826,K-038723,201602113
2827,K-010934,200102622
2828,K-037558,201507042
2829,K-001451,198500618
2830,K-038149,201600289
2831,K-005108,199501234
2832,K-023901,200806190
2833,K-035143,201500196
2834,K-014405,200400840
2835,K-052958,202006983
2836,K-014045,200400102
2837,K-023780,200805737
2838,K-006617,199702520
2839,K-005003,199500439
2840,K-007566,199806739
2841,K-003398,199101450
2842,K-008749,200000601
2843,K-012983,200300854
2844,K-004326,199302671
2845,K-014179,200400325
2846,K-025003,200811428
2847,K-033930,201403941
2848,K-036664,201503809
2849,K-029345,201200417
2850,K-000125,197000104
2851,K-026818,200907799
2852,K-034562,201405115
2853,K-011783,200201239
2854,K-014751,200401559
2855,K-027235,201002150
2856,K-027011,201000826
2857,K-004120,199300891
2858,K-020238,200700907
2859,K-007577,199806891
2860,K-022711,200713004
2861,K-013008,200300921
2862,K-034717,201405457
2863,K-025223,200900933
2864,K-014228,200400397
2865,K-008223,199903252
2866,K-023331,200802930
2867,K-032104,201310000
2868,K-016338,200410714
2869,K-024453,200808340
2870,K-026403,200905591
2871,K-051165,202002321
2872,K-026174,200905098
2873,K-002148,198800119
2874,K-023608,200804947
2875,K-007955,199901718
2876,K-030690,201302982
2877,K-029794,201206056
2878,K-033497,201403146
2879,K-011705,200200963
2880,K-007340,199802621
2881,K-030163,201207377
2882,K-003700,199200792
2883,K-032547,201400389
2884,K-005113,199501262
2885,K-037440,201506677
2886,K-037963,201508155
2887,K-013326,200301596
2888,K-025571,200903044
2889,K-014509,200401089
2890,K-004451,199304554
2891,K-029687,201205330
2892,K-038185,201600388
2893,K-003350,199101124
2894,K-025532,200902740
2895,K-006632,199702618
2896,K-034685,201405416
2897,K-003970,199203393
2898,K-038722,201602112
2899,K-010856,200102143
2900,K-027176,201001725
2901,K-029919,201206529
2902,K-027077,201001007
2903,K-033208,201402463
2904,K-037480,201506787
2905,K-010141,200008592
2906,K-032037,201309848
2907,K-036860,201504313
2908,K-000749,198100126
2909,K-024704,200809786
2910,K-005606,199600977
2911,K-029454,201201601
2912,K-014090,200400179
2913,K-026124,200905004
2914,K-015746,200403625
2915,K-000936,198300064
2916,K-029616,201204549
2917,K-014733,200401527
2918,K-019550,200607732
2919,K-032871,201401405
2920,K-005373,199504171
2921,K-028773,201106788
2922,K-019919,200611006
2923,K-001642,198600233
2924,K-047218,201903490
2925,K-035530,201501128
2926,K-049881,201908384
2927,K-021731,200708257
2928,K-029248,201110744
2929,K-021839,200708600
2930,K-037035,201505004
2931,K-016235,200410088
2932,K-027737,201005121
2933,K-039021,201602871
2934,K-031132,201307379
2935,K-032567,201400415
2936,K-022627,200712481
2937,K-011155,200103884
2938,K-010538,200100960
2939,K-023327,200802913
2940,K-035029,201406166
2941,K-024783,200810338
2942,K-037656,201507399
2943,K-039810,201604010
2944,K-010502,200100837
2945,K-013035,200301021
2946,K-020499,200702264
2947,K-026076,200904880
2948,K-034170,201404426
2949,K-038212,201600454
2950,K-033327,201402826
2951,K-018409,200600116
2952,K-033556,201403261
2953,K-005886,199603003
2954,K-049501,201907748
2955,K-033479,201403118
2956,K-008147,199902725
2957,K-000386,197700025
2958,K-000525,197900013
2959,K-011845,200201481
2960,K-000650,198000151
2961,K-019755,200608243
2962,K-029823,201206164
2963,K-014278,200400511
2964,K-033543,201403243
2965,K-031178,201307514
2966,K-012584,200210756
2967,K-016080,200404699
2968,K-026206,200905163
2969,K-027059,201000988
2970,K-016879,200500923
2971,K-005430,199600048
2972,K-011825,200201375
2973,K-025519,200902650
2974,K-034820,201405627
2975,K-029774,201205974
2976,K-020815,200703461
2977,K-016480,200500132
2978,K-010836,200102013
2979,K-012670,200300154
2980,K-032190,201310308
2981,K-042120,201706184
2982,K-028481,201103472
2983,K-021270,200705597
2984,K-036880,201504347
2985,K-001866,198700430
2986,K-010944,200102653
2987,K-011701,200200957
2988,K-016785,200500659
2989,K-037933,201508016
2990,K-004153,199301084
2991,K-029667,201205253
2992,K-016923,200500992
2993,K-014070,200400135
2994,K-037431,201506654
2995,K-000168,197200160
2996,K-016688,200500497
2997,K-028137,201100802
2998,K-035057,201406315
2999,K-011224,200108671
3000,K-033406,201402959
3001,K-004797,199402227
3002,K-040609,201606202
3003,K-038188,201600391
3004,K-007376,199803014
3005,K-035022,201406155
3006,K-016495,200500150
3007,K-042118,201706182
3008,K-011481,200200234
3009,K-012590,200210770
3010,K-027088,201001022
3011,K-035377,201500736
3012,K-007268,199802092
3013,K-029561,201203128
3014,K-015716,200403512
3015,K-018109,200510973
3016,K-003883,199202273
3017,K-037644,201507377
3018,K-013543,200302155
3019,K-015762,200403671
3020,K-025033,200811608
3021,K-007906,199901404
3022,K-005195,199501735
3023,K-009441,200003011
3024,K-038760,201602240
3025,K-000490,197800305
3026,K-015727,200403525
3027,K-053132,202007945
3028,K-027606,201004222
3029,K-023631,200805114
3030,K-031282,201307834
3031,K-029665,201205251
3032,K-027166,201001699
3033,K-002052,198701676
3034,K-014387,200400794
3035,K-029593,201203788
3036,K-000212,197300172
3037,K-045658,201901096
3038,K-045583,201900962
3039,K-000114,197000049
3040,K-035163,201500241
3041,K-033878,201403837
3042,K-000230,197400039
3043,K-018357,200600026
3044,K-024747,200810031
3045,K-003614,199200261
3046,K-036733,201504070
3047,K-021565,200707276
3048,K-028929,201108990
3049,K-007223,199801897
3050,K-000568,197900219
3051,K-021026,200704590
3052,K-026876,200908355
3053,K-032541,201400383
3054,K-042014,201705498
3055,K-030820,201305957
3056,K-030721,201303989
3057,K-019563,200607747
3058,K-026694,200906613
3059,K-004552,199400514
3060,K-035516,201501083
3061,K-007157,199801625
3062,K-001803,198700060
3063,K-037364,201506479
3064,K-010528,200100915
3065,K-006240,199701063
3066,K-025469,200902349
3067,K-034503,201405046
3068,K-011098,200103537
3069,K-021584,200707383
3070,K-033043,201402029
3071,K-048127,201905481
3072,K-016517,200500195
3073,K-012441,200209695
3074,K-010114,200005888
3075,K-014868,200401773
3076,K-027688,201004754
3077,K-001457,198500625
3078,K-019196,200605371
3079,K-012641,200300100
3080,K-023733,200805522
3081,K-013681,200302574
3082,K-036185,201502654
3083,K-032951,201401660
3084,K-001670,198600436
3085,K-007881,199901258
3086,K-030983,201306497
3087,K-031330,201307931
3088,K-033042,201402028
3089,K-031888,201309425
3090,K-026543,200905903
3091,K-019161,200605262
3092,K-017977,200503314
3093,K-029356,201200634
3094,K-036432,201503196
3095,K-024262,200807527
3096,K-045102,201805240
3097,K-038684,201601858
3098,K-011718,200201029
3099,K-003809,199201630
3100,K-024631,200809402
3101,K-013592,200302254
3102,K-015710,200403500
3103,K-002208,198800426
3104,K-040099,201604622
3105,K-042835,201708219
3106,K-006329,199701416
3107,K-006250,199701099
3108,K-010221,200009023
3109,K-013403,200301833
3110,K-014300,200400561
3111,K-028792,201107003
3112,K-041917,201704831
3113,K-033252,201402579
3114,K-035695,201501550
3115,K-003312,199100838
3116,K-018128,200511029
3117,K-024527,200808862
3118,K-019882,200610785
3119,K-042044,201705688
3120,K-034201,201404473
3121,K-008973,200001638
3122,K-004464,199400028
3123,K-031019,201306862
3124,K-005545,199600559
3125,K-024650,200809450
3126,K-029865,201206328
3127,K-035715,201501581
3128,K-020014,200611524
3129,K-013867,200307976
3130,K-025216,200900893
3131,K-051005,202002062
3132,K-031695,201308906
3133,K-037498,201506807
3134,K-014180,200400326
3135,K-007103,199801389
3136,K-020641,200702887
3137,K-029163,201110120
3138,K-021825,200708586
3139,K-019963,200611121
3140,K-023260,200802513
3141,K-035770,201501663
3142,K-021930,200708838
3143,K-017108,200501369
3144,K-026841,200908116
3145,K-021228,200705423
3146,K-038057,201508445
3147,K-014851,200401741
3148,K-031863,201309347
3149,K-036025,201502379
3150,K-014371,200400753
3151,K-002519,198802326
3152,K-017070,200501291
3153,K-016650,200500431
3154,K-027087,201001021
3155,K-025366,200901803
3156,K-014431,200400925
3157,K-029020,201109294
3158,K-008132,199902661
3159,K-025545,200902884
3160,K-002296,198801219
3161,K-014473,200401014
3162,K-020152,200700441
3163,K-011952,200201711
3164,K-005649,199601337
3165,K-030188,201207452
3166,K-031624,201308618
3167,K-016478,200500130
3168,K-019039,200604180
3169,K-023593,200804909
3170,K-001413,198500241
3171,K-037009,201504948
3172,K-005386,199504249
3173,K-027024,201000874
3174,K-023372,200803254
3175,K-000030,196000001
3176,K-011822,200201364
3177,K-008463,199907012
3178,K-027129,201001424
3179,K-008222,199903247
3180,K-000763,198100257
3181,K-007022,199801023
3182,K-002177,198800245
3183,K-029528,201202780
3184,K-032883,201401417
3185,K-036258,201502761
3186,K-009379,200002714
3187,K-036172,201502640
3188,K-007144,199801576
3189,K-014292,200400538
3190,K-011567,200200471
3191,K-004668,199401175
3192,K-003354,199101135
3193,K-007019,199801016
3194,K-018590,200600463
3195,K-010530,200100921
3196,K-023676,200805289
3197,K-014467,200400999
3198,K-025937,200904538
3199,K-003989,199203513
3200,K-037159,201505482
3201,K-014251,200400465
3202,K-035207,201500366
3203,K-043935,201802237
3204,K-015423,200402943
3205,K-003106,199001353
3206,K-037285,201506006
3207,K-034053,201404145
3208,K-024765,200810230
3209,K-036813,201504231
3210,K-034710,201405450
3211,K-027868,201006491
3212,K-006307,199701295
3213,K-032560,201400408
3214,K-006566,199702230
3215,K-030615,201301654
3216,K-018641,200600543
3217,K-010406,200100424
3218,K-019124,200604320
3219,K-024397,200808168
3220,K-030843,201306118
3221,K-007316,199802384
3222,K-031605,201308593
3223,K-006284,199701224
3224,K-013381,200301771
3225,K-031027,201306906
3226,K-001095,198300755
3227,K-028681,201105106
3228,K-015524,200403111
3229,K-016250,200410143
3230,K-000069,196500051
3231,K-000180,197200484
3232,K-010286,200009525
3233,K-016740,200500575
3234,K-014403,200400830
3235,K-031391,201308178
3236,K-016193,200409933
3237,K-013273,200301517
3238,K-037608,201507229
3239,K-034407,201404844
3240,K-013263,200301504
3241,K-001396,198500125
3242,K-004664,199401165
3243,K-022703,200712979
3244,K-012715,200300253
3245,K-028828,201107272
3246,K-000937,198300065
3247,K-011392,200110048
3248,K-004094,199300656
3249,K-027092,201001029
3250,K-026299,200905403
3251,K-025894,200904445
3252,K-006980,199800785
3253,K-036788,201504179
3254,K-032158,201310219
3255,K-037660,201507403
3256,K-039104,201603009
3257,K-000646,198000118
3258,K-034837,201405692
3259,K-009459,200003110
3260,K-020416,200701932
3261,K-025215,200900892
3262,K-025060,200811694
3263,K-036962,201504788
3264,K-018184,200511256
3265,K-005650,199601338
3266,K-015537,200403167
3267,K-000672,198000304
3268,K-030378,201208875
3269,K-011508,200200327
3270,K-025336,200901619
3271,K-037006,201504928
3272,K-035338,201500662
3273,K-034946,201405957
3274,K-016062,200404669
3275,K-000255,197400273
3276,K-008826,200000744
3277,K-038262,201600678
3278,K-016386,200410890
3279,K-027210,201001981
3280,K-036032,201502386
3281,K-011564,200200467
3282,K-023670,200805263
3283,K-028232,201100980
3284,K-018410,200600117
3285,K-025481,200902438
3286,K-030283,201207713
3287,K-017574,200502294
3288,K-032303,201310700
3289,K-022165,200709861
3290,K-044707,201804024
3291,K-032100,201309994
3292,K-031965,201309581
3293,K-030512,201300035
3294,K-036170,201502638
3295,K-021264,200705591
3296,K-005339,199502840
3297,K-003286,199100626
3298,K-030864,201306230
3299,K-027626,201004349
3300,K-013811,200307768
3301,K-006694,199703126
3302,K-005925,199603333
3303,K-007646,199900204
3304,K-027889,201006555
3305,K-027918,201006886
3306,K-019920,200611007
3307,K-024131,200807058
3308,K-009463,200003115
3309,K-016810,200500748
3310,K-033746,201403560
3311,K-004131,199300959
3312,K-033511,201403176
3313,K-013256,200301486
3314,K-005165,199501564
3315,K-016192,200409932
3316,K-030688,201302980
3317,K-021617,200707596
3318,K-041267,201701158
3319,K-028469,201103425
3320,K-013404,200301834
3321,K-007819,199900923
3322,K-036395,201503145
3323,K-005666,199601484
3324,K-012458,200209806
3325,K-030796,201305793
3326,K-034547,201405100
3327,K-043250,201800600
3328,K-038293,201600782
3329,K-037452,201506728
3330,K-025922,200904507
3331,K-007073,199801240
3332,K-007013,199800979
3333,K-028122,201100749
3334,K-001330,198400830
3335,K-017058,200501243
3336,K-038563,201601552
3337,K-037446,201506687
3338,K-029691,201205362
3339,K-030384,201208997
3340,K-025416,200902144
3341,K-005025,199500536
3342,K-011590,200200561
3343,K-012447,200209716
3344,K-016566,200500287
3345,K-014442,200400951
3346,K-011084,200103519
3347,K-032990,201401904
3348,K-037329,201506192
3349,K-019553,200607735
3350,K-036784,201504175
3351,K-034287,201404632
3352,K-034323,201404702
3353,K-034264,201404569
3354,K-005223,199501953
3355,K-002950,199000383
3356,K-029881,201206383
3357,K-025596,200903210
3358,K-033595,201403328
3359,K-019299,200606294
3360,K-038220,201600500
3361,K-015981,200404183
3362,K-014249,200400463
3363,K-010913,200102527
3364,K-040336,201605337
3365,K-027007,201000775
3366,K-003289,199100632
3367,K-038183,201600386
3368,K-031001,201306597
3369,K-027615,201004244
3370,K-005371,199504165
3371,K-027039,201000967
3372,K-002074,198701888
3373,K-022349,200710760
3374,K-035100,201500093
3375,K-037029,201504984
3376,K-000510,197800391
3377,K-002058,198701721
3378,K-031788,201309112
3379,K-040998,201700254
3380,K-046428,201902301
3381,K-011441,200200132
3382,K-036039,201502394
3383,K-009031,200001929
3384,K-025536,200902769
3385,K-032013,201309790
3386,K-012820,200300496
3387,K-004762,199401770
3388,K-030785,201305533
3389,K-011487,200200252
3390,K-016531,200500225
3391,K-003687,199200653
3392,K-006323,199701398
3393,K-028387,201102450
3394,K-015418,200402928
3395,K-032562,201400410
3396,K-001769,198601395
3397,K-023092,200801350
3398,K-034484,201405003
3399,K-017764,200502742
3400,K-034110,201404293
3401,K-009454,200003096
3402,K-009616,200004480
3403,K-006940,199800503
3404,K-014084,200400166
3405,K-028988,201109253
3406,K-034844,201405706
3407,K-016466,200500097
3408,K-012775,200300413
3409,K-004046,199300288
3410,K-014567,200401210
3411,K-003893,199202475
3412,K-027776,201005500
3413,K-002592,198900123
3414,K-012874,200300642
3415,K-012719,200300260
3416,K-010747,200101732
3417,K-007798,199900835
3418,K-010156,200008778
3419,K-036179,201502648
3420,K-016848,200500853
3421,K-033422,201402986
3422,K-028127,201100792
3423,K-017226,200501569
3424,K-025262,200901146
3425,K-004282,199302175
3426,K-038914,201602576
3427,K-018588,200600460
3428,K-006129,199700555
3429,K-000859,198200325
3430,K-031123,201307342
3431,K-026545,200905916
3432,K-034945,201405956
3433,K-000209,197300151
3434,K-022750,200713171
3435,K-028018,201007777
3436,K-006930,199800471
3437,K-023166,200801815
3438,K-016804,200500715
3439,K-011982,200201784
3440,K-042041,201705685
3441,K-027587,201004086
3442,K-008837,200000801
3443,K-037775,201507693
3444,K-013710,200302728
3445,K-018305,200512200
3446,K-019904,200610975
3447,K-031089,201307123
3448,K-018718,200600720
3449,K-009025,200001893
3450,K-030616,201301655
3451,K-011764,200201183
3452,K-006266,199701131
3453,K-019773,200608273
3454,K-038566,201601555
3455,K-000040,196200032
3456,K-032518,201400349
3457,K-027741,201005127
3458,K-033333,201402834
3459,K-036551,201503484
3460,K-030850,201306134
3461,K-044332,201803124
3462,K-003480,199101995
3463,K-001060,198300603
3464,K-013398,200301825
3465,K-001362,198401252
3466,K-040587,201606067
3467,K-031563,201308550
3468,K-027080,201001010
3469,K-007117,199801474
3470,K-028813,201107222
3471,K-012022,200201906
3472,K-022482,200711535
3473,K-029672,201205260
3474,K-002495,198801657
3475,K-016864,200500882
3476,K-005632,199601139
3477,K-033963,201403983
3478,K-022704,200712980
3479,K-040531,201605864
3480,K-023801,200805818
3481,K-026672,200906557
3482,K-025283,200901296
3483,K-000370,197600483
3484,K-013004,200300913
3485,K-035650,201501472
3486,K-014003,200400022
3487,K-017591,200502315
3488,K-022795,200713518
3489,K-026588,200906066
3490,K-028622,201104314
3491,K-041149,201700802
3492,K-013129,200301172
3493,K-034505,201405050
3494,K-039047,201602908
3495,K-038959,201602688
3496,K-044108,201802617
3497,K-009330,200002468
3498,K-027093,201001030
3499,K-035629,201501431
3500,K-021692,200708031
3501,K-036394,201503144
3502,K-037340,201506355
3503,K-027398,201003163
3504,K-029534,201202806
3505,K-037228,201505842
3506,K-005174,199501649
3507,K-032745,201401003
3508,K-039135,201603057
3509,K-034055,201404153
3510,K-025177,200900681
3511,K-020867,200703733
3512,K-004285,199302187
3513,K-003361,199101279
3514,K-000721,198000572
3515,K-014409,200400872
3516,K-002491,198801648
3517,K-035804,201501710
3518,K-015280,200402674
3519,K-037210,201505795
3520,K-034203,201404475
3521,K-013161,200301252
3522,K-012432,200209641
3523,K-022180,200709908
3524,K-000382,197700008
3525,K-011529,200200375
3526,K-032543,201400385
3527,K-025090,200811885
3528,K-032408,201310988
3529,K-020395,200701831
3530,K-002711,198900920
3531,K-029206,201110502
3532,K-016262,200410326
3533,K-001643,198600235
3534,K-032577,201400426
3535,K-028476,201103467
3536,K-059526,202101581
3537,K-005372,199504168
3538,K-026298,200905402
3539,K-023532,200804412
3540,K-035528,201501126
3541,K-038890,201602533
3542,K-025797,200904207
3543,K-037298,201506120
3544,K-025972,200904641
3545,K-029427,201201265
3546,K-011647,200200771
3547,K-027006,201000774
3548,K-023667,200805235
3549,K-011442,200200133
3550,K-002944,199000363
3551,K-020757,200703230
3552,K-033747,201403561
3553,K-019844,200610630
3554,K-006037,199700166
3555,K-016390,200410896
3556,K-029461,201201688
3557,K-011506,200200323
3558,K-002256,198800901
3559,K-010487,200100780
3560,K-037988,201508272
3561,K-010955,200102671
3562,K-015662,200403414
3563,K-032236,201310403
3564,K-016963,200501065
3565,K-012086,200202205
3566,K-035154,201500212
3567,K-033353,201402867
3568,K-004533,199400448
3569,K-000598,197900411
3570,K-010205,200008959
3571,K-006224,199700942
3572,K-008823,200000740
3573,K-019104,200604282
3574,K-005440,199600089
3575,K-030053,201206882
3576,K-008792,200000672
3577,K-029690,201205361
3578,K-013991,200400009
3579,K-024003,200806668
3580,K-028967,201109222
3581,K-038912,201602574
3582,K-023838,200805918
3583,K-031097,201307149
3584,K-020827,200703542
3585,K-004030,199300217
3586,K-015136,200402327
3587,K-020665,200702965
3588,K-011558,200200447
3589,K-003633,199200354
3590,K-017480,200502128
3591,K-038606,201601680
3592,K-023862,200805990
3593,K-005274,199502365
3594,K-014618,200401320
3595,K-050266,202000411
3596,K-024512,200808755
3597,K-030372,201208753
3598,K-016866,200500887
3599,K-012732,200300284
3600,K-038025,201508378
3601,K-036163,201502631
3602,K-031982,201309653
3603,K-038204,201600437
3604,K-001715,198600903
3605,K-005387,199504250
3606,K-023225,200802220
3607,K-019958,200611114
3608,K-010447,200100590
3609,K-033131,201402272
3610,K-038171,201600358
3611,K-011987,200201810
3612,K-039137,201603059
3613,K-014274,200400500
3614,K-004472,199400050
3615,K-032556,201400403
3616,K-019349,200606531
3617,K-001579,198501401
3618,K-011833,200201406
3619,K-030106,201207054
3620,K-009417,200002882
3621,K-016190,200409930
3622,K-038251,201600587
3623,K-037875,201507900
3624,K-032597,201400493
3625,K-021984,200709010
3626,K-002289,198801192
3627,K-037854,201507878
3628,K-031467,201308385
3629,K-020976,200704324
3630,K-036954,201504770
3631,K-019707,200608161
3632,K-004442,199304470
3633,K-010232,200009059
3634,K-002688,198900699
3635,K-027653,201004570
3636,K-025000,200811406
3637,K-059586,202101646
3638,K-010446,200100586
3639,K-004072,199300415
3640,K-011299,200109104
3641,K-006213,199700887
3642,K-001460,198500629
3643,K-038390,201601045
3644,K-035610,201501398
3645,K-000372,197600539
3646,K-019867,200610680
3647,K-009002,200001783
3648,K-008204,199903179
3649,K-003710,199200885
3650,K-010349,200100244
3651,K-000473,197800210
3652,K-020958,200704290
3653,K-032483,201400278
3654,K-016548,200500251
3655,K-030535,201300140
3656,K-038727,201602122
3657,K-028442,201103214
3658,K-027962,201007341
3659,K-012150,200202423
3660,K-010294,200009634
3661,K-034680,201405403
3662,K-007923,199901507
3663,K-035789,201501694
3664,K-023905,200806194
3665,K-038104,201508552
3666,K-022271,200710374
3667,K-004489,199400191
3668,K-017983,200503320
3669,K-007397,199803128
3670,K-015173,200402399
3671,K-022501,200711655
3672,K-013378,200301766
3673,K-034095,201404247
3674,K-027126,201001420
3675,K-035007,201406125
3676,K-028923,201108895
3677,K-014607,200401296
3678,K-030697,201303033
3679,K-028743,201105954
3680,K-006192,199700756
3681,K-004097,199300660
3682,K-008445,199906877
3683,K-013778,200303328
3684,K-029419,201201166
3685,K-030064,201206936
3686,K-025962,200904615
3687,K-011274,200108822
3688,K-001757,198601285
3689,K-000514,197800466
3690,K-000113,197000040
3691,K-033720,201403528
3692,K-020084,200612573
3693,K-019292,200606210
3694,K-031875,201309384
3695,K-014258,200400474
3696,K-035856,201501811
3697,K-016545,200500248
3698,K-011918,200201656
3699,K-000432,197700322
3700,K-035270,201500483
3701,K-028716,201105600
3702,K-012212,200202802
3703,K-000956,198300142
3704,K-027076,201001006
3705,K-032168,201310251
3706,K-031329,201307930
3707,K-030473,201210591
3708,K-038622,201601700
3709,K-020258,200701033
3710,K-036055,201502417
3711,K-005446,199600158
3712,K-026875,200908354
3713,K-031838,201309260
3714,K-000105,197000005
3715,K-013040,200301033
3716,K-012382,200204369
3717,K-007820,199900924
3718,K-003746,199201154
3719,K-026589,200906073
3720,K-000741,198100081
3721,K-023126,200801562
3722,K-022362,200710817
3723,K-035736,201501612
3724,K-010420,200100496
3725,K-033588,201403321
3726,K-027033,201000951
3727,K-017985,200503334
3728,K-005316,199502666
3729,K-014729,200401519
3730,K-033373,201402890
3731,K-032600,201400501
3732,K-034492,201405014
3733,K-032607,201400542
3734,K-007781,199900719
3735,K-006211,199700873
3736,K-030812,201305847
3737,K-025497,200902537
3738,K-025380,200901934
3739,K-008467,199907046
3740,K-006372,199701641
3741,K-014679,200401445
3742,K-034527,201405080
3743,K-033557,201403264
3744,K-002753,198901317
3745,K-001908,198700736
3746,K-001363,198401253
3747,K-005850,199602669
3748,K-038173,201600361
3749,K-038209,201600445
3750,K-014862,200401762
3751,K-037111,201505153
3752,K-023201,200802021
3753,K-027099,201001041
3754,K-031492,201308450
3755,K-029069,201109818
3756,K-022909,200800320
3757,K-037549,201506894
3758,K-028816,201107225
3759,K-032246,201310498
3760,K-005179,199501680
3761,K-040343,201605344
3762,K-027897,201006784
3763,K-000115,197000050
3764,K-023578,200804796
3765,K-018193,200511276
3766,K-024489,200808588
3767,K-013456,200301926
3768,K-008902,200001328
3769,K-030060,201206916
3770,K-023740,200805555
3771,K-015607,200403296
3772,K-027188,201001745
3773,K-049277,201907378
3774,K-030005,201206782
3775,K-028762,201106366
3776,K-034894,201405845
3777,K-012192,200202755
3778,K-022736,200713108
3779,K-036861,201504314
3780,K-028466,201103422
3781,K-021697,200708054
3782,K-014102,200400201
3783,K-007705,199900351
3784,K-018156,200511067
3785,K-007493,199804331
3786,K-002186,198800316
3787,K-034056,201404160
3788,K-007793,199900806
3789,K-020194,200700633
3790,K-010284,200009522
3791,K-006608,199702412
3792,K-000043,196300001
3793,K-033632,201403403
3794,K-029822,201206163
3795,K-011234,200108699
3796,K-005753,199601956
3797,K-000843,198200157
3798,K-008642,200000173
3799,K-013413,200301846
3800,K-022963,200800614
3801,K-021652,200707797
3802,K-009462,200003114
3803,K-001331,198400831
3804,K-006633,199702621
3805,K-008131,199902656
3806,K-038710,201602081
3807,K-000481,197800262
3808,K-037043,201505018
3809,K-008896,200001279
3810,K-027993,201007672
3811,K-024522,200808799
3812,K-025458,200902301
3813,K-004268,199302061
3814,K-004835,199403106
3815,K-019461,200607006
3816,K-007821,199900925
3817,K-014870,200401786
3818,K-043934,201802236
3819,K-038169,201600356
3820,K-024731,200809924
3821,K-004160,199301111
3822,K-015245,200402575
3823,K-023804,200805821
3824,K-048028,201905326
3825,K-028650,201104726
3826,K-003707,199200876
3827,K-034011,201404042
3828,K-020861,200703701
3829,K-007055,199801193
3830,K-034569,201405123
3831,K-034267,201404584
3832,K-024586,200809207
3833,K-005000,199500420
3834,K-018403,200600109
3835,K-023085,200801333
3836,K-005858,199602745
3837,K-031000,201306595
3838,K-024813,200810506
3839,K-015193,200402458
3840,K-012668,200300144
3841,K-032642,201400701
3842,K-004116,199300831
3843,K-021838,200708599
3844,K-004092,199300654
3845,K-031998,201309738
3846,K-017506,200502189
3847,K-032827,201401304
3848,K-044257,201802990
3849,K-027840,201006077
3850,K-014185,200400339
3851,K-032083,201309963
3852,K-032398,201310963
3853,K-037585,201507133
3854,K-015840,200403873
3855,K-033171,201402369
3856,K-026632,200906478
3857,K-015520,200403090
3858,K-005616,199601068
3859,K-018208,200511325
3860,K-015530,200403137
3861,K-031039,201306969
3862,K-006544,199702105
3863,K-014624,200401327
3864,K-007857,199901136
3865,K-030043,201206857
3866,K-025531,200902734
3867,K-019109,200604294
3868,K-004606,199400823
3869,K-037553,201507014
3870,K-016110,200404754
3871,K-025143,200900341
3872,K-036335,201502964
3873,K-004172,199301235
3874,K-017809,200502838
3875,K-017738,200502688
3876,K-016423,200411062
3877,K-014271,200400494
3878,K-014463,200400987
3879,K-007145,199801580
3880,K-012061,200202093
3881,K-020006,200611515
3882,K-013551,200302173
3883,K-017928,200503163
3884,K-013406,200301836
3885,K-012805,200300463
3886,K-034582,201405163
3887,K-006170,199700693
3888,K-035456,201500970
3889,K-000479,197800242
3890,K-025485,200902443
3891,K-036926,201504698
3892,K-024770,200810282
3893,K-011396,200110059
3894,K-013102,200301116
3895,K-032442,201400112
3896,K-035408,201500885
3897,K-013009,200300923
3898,K-002265,198801052
3899,K-026135,200905017
3900,K-001104,198301005
3901,K-000654,198000160
3902,K-031840,201309264
3903,K-037108,201505149
3904,K-020966,200704307
3905,K-027053,201000982
3906,K-028901,201108203
3907,K-028976,201109231
3908,K-020988,200704407
3909,K-008254,199903649
3910,K-028041,201100168
3911,K-011235,200108700
3912,K-002275,198801103
3913,K-044706,201804023
3914,K-018141,200511051
3915,K-052276,202004224
3916,K-028210,201100953
3917,K-000251,197400262
3918,K-038958,201602684
3919,K-028937,201109028
3920,K-012842,200300566
3921,K-004229,199301690
3922,K-023599,200804918
3923,K-037491,201506798
3924,K-033320,201402808
3925,K-015989,200404205
3926,K-013981,200308855
3927,K-028450,201103324
3928,K-000364,197600345
3929,K-016728,200500561
3930,K-010140,200008591
3931,K-029725,201205537
3932,K-008932,200001458
3933,K-025890,200904434
3934,K-002826,198901917
3935,K-012724,200300269
3936,K-016189,200409929
3937,K-019881,200610765
3938,K-017511,200502194
3939,K-023764,200805632
3940,K-012266,200202994
3941,K-026059,200904846
3942,K-023544,200804560
3943,K-008538,199907419
3944,K-002281,198801114
3945,K-035044,201406184
3946,K-035769,201501662
3947,K-024503,200808686
3948,K-016779,200500649
3949,K-023015,200801021
3950,K-023644,200805159
3951,K-016296,200410512
3952,K-003696,199200706
3953,K-016297,200410513
3954,K-027959,201007309
3955,K-003945,199203279
3956,K-016721,200500553
3957,K-026807,200907725
3958,K-033513,201403178
3959,K-031701,201308924
3960,K-015841,200403886
3961,K-006016,199700059
3962,K-020000,200611389
3963,K-014026,200400067
3964,K-025500,200902556
3965,K-000798,198100700
3966,K-042119,201706183
3967,K-023045,200801141
3968,K-011049,200103239
3969,K-014438,200400946
3970,K-031319,201307920
3971,K-011566,200200469
3972,K-039815,201604015
3973,K-030840,201306109
3974,K-021683,200707943
3975,K-008901,200001308
3976,K-032441,201400111
3977,K-022278,200710393
3978,K-011676,200200852
3979,K-005073,199500959
3980,K-013976,200308838
3981,K-035879,201501889
3982,K-025561,200902976
3983,K-011254,200108765
3984,K-035239,201500429
3985,K-008483,199907081
3986,K-029005,201109278
3987,K-010973,200102769
3988,K-032108,201310013
3989,K-017522,200502213
3990,K-011253,200108764
3991,K-012812,200300470
3992,K-035792,201501697
3993,K-035811,201501725
3994,K-007645,199900203
3995,K-017399,200501979
3996,K-033059,201402060
3997,K-002541,198802519
3998,K-015763,200403678
3999,K-025302,200901443
4000,K-033204,201402450
4001,K-032253,201310516
4002,K-029004,201109277
4003,K-024169,200807223
4004,K-012503,200209895
4005,K-038459,201601195
4006,K-017343,200501892
4007,K-030033,201206837
4008,K-051306,202002642
4009,K-035560,201501269
4010,K-028407,201102618
4011,K-050705,202001489
4012,K-029400,201201051
4013,K-036953,201504769
4014,K-002881,198902560
4015,K-007061,199801206
4016,K-029159,201110095
4017,K-034810,201405617
4018,K-002240,198800776
4019,K-013003,200300909
4020,K-007636,199900163
4021,K-026822,200907818
4022,K-008911,200001368
